0.007682896,4443.533837,428.7500358
0.004057747,4584.994649,446.3925854
8.32E-04,4311.531423,446.3256381
0.008239805,4277.534393,449.1936168
0.004875597,4319.384084,450.1776282
0.005668414,4336.339277,432.2955185
0.008737689,4589.759384,420.137221
0.006426864,4561.71047,426.1846837
3.94E-04,4232.645648,437.7925224
0.00485997,4376.518828,423.9718377
0.004888453,4299.180586,430.063436
0.003560657,4202.651539,424.5058238
0.001389965,4340.295742,417.0298962
0.008411077,4438.403049,453.5682119
0.008659825,4494.326691,433.2211227
0.002575435,4565.891668,424.6256796
0.003260497,4362.369461,436.9442495
0.006819983,4447.787145,453.4755714
0.008661782,4208.61924,427.2777594
0.003426208,4231.571774,448.4171515
0.00358596,4205.86499,432.2161582
0.00297939,4417.763414,452.5583679
0.00740984,4528.499708,439.2990553
0.009657597,4386.435254,445.7147414
0.0034751,4456.658326,455.1161714
0.004424376,4572.61378,438.8397786
0.009023919,4496.184066,439.3808511
0.005958449,4589.05706,445.0932774
0.009306517,4499.058439,426.8637499
0.009423004,4215.020393,432.9499676
0.007081001,4340.007318,423.1356797
0.006289495,4257.642842,434.8455468
0.002133859,4357.512747,418.4691994
0.005069233,4245.697306,438.2453496
0.002908241,4341.74867,431.2767421
0.009356486,4538.860499,438.3177031
0.009311314,4341.259518,437.9919987
0.004137601,4342.105302,428.5677532
0.007666642,4457.469048,428.0739162
0.007565199,4292.288685,455.2603041
0.009039216,4226.22933,426.0109609
8.68E-04,4526.435436,444.2584438
0.004645217,4528.238745,423.6320957
0.007578023,4463.013701,454.5998442
0.003463922,4487.433192,450.9544363
0.008472541,4588.232936,458.9354031
0.005770621,4497.478728,422.5171157
1.64E-04,4389.44297,443.1852207
0.00258918,4414.221106,450.5414114
0.006318389,4355.815762,438.1542914
6.99E-04,4327.006859,432.9140898
0.007591092,4382.200404,444.5808595
0.007836893,4536.649361,419.5599307
0.009695216,4243.566928,454.0494159
0.0060689,4476.446576,433.249248
0.002534722,4317.557042,425.7260954
0.007589562,4467.734193,457.9289795
0.008852613,4288.568116,432.2781948
0.005435522,4332.898535,436.2296466
0.009482488,4449.501668,439.832789
2.48E-04,4250.490514,455.4039636
0.0015091,4560.153436,457.8394609
0.002048833,4255.003334,423.3665383
0.006514046,4206.792692,420.5245327
0.006432274,4526.042653,419.7457398
0.003123194,4313.231497,420.2378349
0.004234502,4189.823235,449.1515199
0.001086006,4284.874396,448.6519611
0.006326918,4221.537386,428.1546043
0.001775221,4188.216436,435.0967014
0.00326802,4407.692059,452.2168772
0.002288239,4497.618191,456.1272144
0.005792794,4561.355795,442.8396837
0.007350242,4237.277846,449.8159272
0.006499461,4177.043795,431.8951063
0.008429891,4336.518332,441.3486316
0.003841533,4551.036695,425.3591215
0.009182126,4455.903429,451.2069977
0.001532819,4229.086853,447.2611721
0.007930248,4444.503269,427.4409911
0.008921364,4489.539169,436.7753681
0.003154428,4350.940028,448.1103232
0.004627048,4409.823981,444.8455623
0.002746143,4190.210627,426.6171256
6.13E-04,4238.327314,423.4465291
0.004881002,4186.259778,425.23169
0.006040363,4363.514296,448.6462251
0.007420204,4338.850469,437.6724071
0.006009333,4451.066645,455.8665279
8.12E-04,4354.236482,448.0232027
0.005778906,4440.586365,447.8983808
2.83E-04,4243.319578,417.2983378
0.00132399,4557.423777,442.5158934
0.003613515,4173.064665,454.9405156
0.003992601,4283.370006,438.3922261
0.004822716,4358.497594,430.7619507
0.005852226,4189.212142,435.3424436
0.001945771,4576.543154,425.7565157
5.02E-04,4569.936716,431.2138653
0.00678282,4364.515616,448.5824929
5.39E-04,4303.270133,434.6734044
0.003172019,4252.918737,422.8588462
0.004279579,4257.323727,455.5668273
0.003073269,4251.608752,429.4261948
0.00105489,4498.241547,430.6656095
0.001284921,4582.535549,435.8406554
0.002418235,4379.695868,439.0424297
0.007449629,4552.776662,421.4862259
2.87E-05,4434.759415,426.1708765
0.007042684,4410.52103,437.3855125
0.008625235,4410.239625,423.4552338
0.009810582,4534.870448,421.9437599
0.008478124,4405.116542,455.3305902
4.83E-04,4336.751544,442.9464101
0.004097608,4261.103008,419.8302778
0.006421095,4238.917043,428.032566
7.60E-04,4308.461185,417.714911
0.003212837,4304.970465,419.5781842
0.001103688,4379.306994,436.7134418
7.71E-04,4353.025143,456.0449284
0.00878485,4541.300599,431.0337158
4.49E-04,4397.926865,439.5494648
0.008775278,4318.308577,438.8780756
0.006525049,4214.847389,456.9231927
0.009826186,4475.490127,420.0871025
0.008961638,4511.112626,420.0825097
0.00740456,4553.798202,457.3911504
0.006099667,4452.868292,439.9510473
0.008870148,4454.860127,444.0664712
0.007847877,4396.697553,419.2119399
0.004126093,4181.125408,427.5241977
0.008203329,4509.829538,443.9773735
0.005191061,4204.588959,441.2968749
0.001317972,4563.453787,441.9966267
0.002309207,4577.108636,442.4048359
0.00765417,4211.515057,435.1153413
0.005749646,4514.535625,445.4330293
0.008444797,4319.961833,422.9217966
0.001267758,4344.975825,449.2808676
0.008101282,4575.370867,422.1066492
0.002467153,4189.566186,429.3499508
2.17E-04,4298.642127,433.8441445
0.004853866,4194.448718,424.9636194
0.006488405,4258.468033,449.2374885
0.004074753,4353.320452,451.4358373
0.008803125,4503.769779,451.1642439
0.005946928,4311.894058,433.107038
0.001168418,4572.459362,456.2107587
0.003739947,4254.292954,425.2764468
0.008392751,4467.115086,446.0893572
0.00300573,4440.252159,418.6618341
0.006174007,4565.795608,424.7181104
5.82E-04,4570.546357,434.8671917
0.009649381,4318.460963,439.3364076
0.001436258,4282.796443,430.4898119
0.001152487,4518.953876,417.1297752
0.002803822,4176.253621,451.5134022
1.88E-04,4321.969521,438.7299737
0.007928101,4587.810031,438.6358035
0.006131638,4348.28238,430.4132965
0.007128423,4349.221696,444.3799953
0.005840728,4268.489768,441.1068237
0.003133763,4546.947631,453.3604328
0.009351811,4266.343808,435.4320528
0.00502604,4530.328904,426.7415994
0.001592086,4538.432269,439.188617
0.001117404,4260.358648,451.6063943
0.008167564,4406.286332,433.8283313
0.001431669,4229.216792,457.2270516
1.12E-04,4506.998217,440.9453048
7.99E-04,4275.319846,424.8322388
0.005649825,4559.827228,422.8172436
0.004679761,4189.870262,445.1514717
0.006143813,4425.330042,435.7708696
0.009445971,4425.361032,455.7254929
0.009582594,4479.258678,446.3721744
0.003894357,4454.086383,438.0397592
0.009085553,4213.436768,443.3819001
0.006599068,4526.985121,431.9417376
7.67E-04,4176.679515,447.1113775
0.007878127,4564.340027,436.5252456
0.007842169,4440.686157,425.5448138
0.006691359,4340.424905,431.3236625
0.001971882,4551.596714,426.7020203
0.005983876,4265.742721,417.3748712
0.006501,4355.134846,445.3438586
0.004503377,4276.62823,425.9341963
0.001542339,4408.52548,451.0784036
0.008702613,4556.924597,454.7018123
0.009211154,4255.390006,456.6399783
0.005976123,4416.099213,444.0835087
0.008577155,4438.001953,419.6986914
8.13E-05,4172.499088,436.8555562
0.001635737,4443.108619,457.9912313
0.004731037,4421.044911,422.9553943
0.005634822,4400.163783,456.9673415
0.003925425,4193.677684,452.9782156
0.00775121,4436.410264,456.2022119
0.005908163,4512.557011,453.2988632
0.002446827,4444.898882,435.9830889
0.007480464,4185.316688,425.5065888
0.007394634,4232.994203,444.4475937
0.007604804,4390.665465,456.7609681
0.001158148,4487.817624,454.2943182
0.004004339,4294.186576,422.0419769
0.003391463,4275.161755,442.0952278
9.27E-04,4228.163992,444.4151599
0.001127497,4547.436946,433.3642627
0.005247569,4313.288856,447.5933544
0.007533493,4583.280707,444.6027968
0.009220507,4308.970203,447.1155979
0.002351422,4400.31011,445.6292947
0.003924094,4285.672187,447.4559415
0.006533852,4173.534821,434.7376168
0.00973412,4522.024505,455.4147729
0.006363586,4240.814535,423.7884632
0.007561103,4568.070075,448.3634085
0.00535094,4419.533818,429.7873245
0.00219609,4181.410336,423.682243
0.005251553,4193.353432,458.5488171
0.001361396,4333.756806,431.6131695
0.006893262,4546.811991,421.7263667
0.001529238,4462.403074,422.7943341
0.00794238,4484.730944,433.9683979
0.002234697,4176.043856,442.013246
0.00170661,4458.122425,450.1970726
1.03E-04,4328.358348,434.2182254
9.00E-04,4523.26833,426.3895122
0.006855687,4187.21358,425.4557426
2.23E-04,4534.184622,419.900491
0.008563027,4570.096306,427.3700485
0.005125119,4448.464612,417.015499
0.008315553,4218.525938,428.5995521
0.009291755,4316.787748,428.9162185
0.009676657,4283.010588,458.0353669
0.003336842,4552.229845,452.6476185
0.008888818,4200.211252,436.2602181
0.009275299,4476.887713,444.7288925
9.31E-05,4404.138977,420.155368
0.004323711,4294.55272,421.6252023
0.002009342,4438.122621,443.2067292
0.002207671,4394.138468,420.9657437
0.008638749,4279.854476,440.403868
6.54E-04,4272.109919,424.0429692
0.003601169,4390.30164,420.6169465
0.006303041,4295.513433,435.4108729
0.004737907,4416.359431,448.6858698
2.29E-04,4461.41516,441.3863636
0.007007839,4228.011391,417.1658565
0.003549835,4472.475569,445.615002
0.001683593,4227.105328,417.9717106
0.009330633,4447.462195,425.120765
0.006320114,4435.271089,427.7483459
0.002631019,4490.996726,418.9199946
0.007286047,4421.187612,452.5036734
0.005196801,4245.351648,427.4354095
0.007034585,4206.52476,426.9068156
0.005936589,4178.773851,432.8475956
0.007341499,4503.34241,430.4203074
0.007013563,4494.255672,443.7449635
0.001791012,4330.972273,438.2855054
0.001625867,4452.938174,452.7664347
0.004311201,4367.486175,443.8662381
0.007507973,4523.922719,441.7847918
0.001583305,4283.704675,452.1429743
0.001668984,4511.200741,435.915374
0.001041485,4549.291477,429.3878461
0.007622013,4222.165151,429.9257616
0.008607989,4388.867507,446.8737233
0.003495512,4284.685321,436.3359808
6.33E-04,4222.693757,448.2162086
4.97E-05,4322.585948,450.7055223
0.007379512,4364.655103,424.2483299
0.002714741,4387.046595,450.3485434
0.00308135,4381.204154,433.953457
0.002190643,4371.445474,453.0567658
0.005044499,4316.536076,432.1890181
0.003295972,4281.989417,436.904834
0.001243534,4555.712655,418.8352059
0.009556988,4580.861575,417.8943364
5.59E-04,4509.065907,446.3121634
0.008611547,4556.300514,424.8965697
0.006185441,4296.102773,434.9984455
0.006158958,4445.12058,448.5483378
0.007833153,4201.393695,447.5217264
0.009071846,4321.034633,442.0940057
0.00883371,4415.829863,454.0090183
0.004980969,4215.858305,450.7628474
0.004861092,4361.784261,448.7066016
0.006608829,4308.404189,457.7099631
0.00556537,4374.918368,418.4751458
0.001825012,4383.208096,427.9617435
8.94E-04,4254.692638,458.3420069
0.009980852,4230.036109,425.4133044
7.03E-04,4529.147973,435.9353651
0.006493751,4276.347378,435.4440797
0.002304121,4383.982663,432.3919754
0.006808243,4265.605846,432.3119693
0.009578211,4272.882092,432.0347165
0.006766023,4396.339301,448.8084027
0.009391298,4193.093293,439.3989958
0.002535021,4530.150992,435.3186186
0.001038869,4436.49781,446.213422
0.004811781,4422.521593,423.7171534
0.002992942,4321.61463,440.3266082
7.13E-04,4430.174691,428.2049194
0.005655544,4212.033555,443.32485
0.008512585,4376.261388,445.8481085
6.49E-04,4478.969785,455.5995381
0.001221412,4507.659412,417.6582247
0.005301505,4541.584207,428.5373109
0.005290637,4536.348497,451.0084902
0.004142093,4320.646426,434.4586345
0.009961611,4568.215254,425.0646609
0.004643809,4235.939324,458.3701478
0.009495914,4209.472075,444.3037721
0.002459999,4269.699898,417.4457024
0.008193351,4520.169711,448.9155832
0.001056002,4205.19549,440.836106
0.004911034,4308.163661,419.445716
7.21E-04,4350.431523,438.4219891
0.0019306,4430.673363,444.1667825
0.004294653,4249.93775,445.3128596
4.03E-04,4249.057991,433.4398313
0.006756908,4316.715716,418.204504
0.009637354,4318.667049,422.2878742
0.005320975,4440.172967,418.1291831
0.003090281,4197.169551,422.4725819
0.004336346,4270.943447,424.3868331
0.006731086,4411.989995,440.1405702
0.004213239,4279.023299,455.936025
0.001554274,4339.359718,418.9442952
0.005950271,4325.054053,458.4517632
0.003507382,4409.212711,423.6645631
0.004188216,4302.250227,436.1297351
8.98E-04,4502.712351,426.1038892
0.004816217,4436.088042,418.1054505
0.009977468,4575.801377,437.2988772
0.009249778,4185.916233,447.7319055
0.007386373,4217.148903,417.9949566
0.003108849,4246.966522,457.5593355
1.78E-04,4274.041965,422.4324949
0.002410284,4213.707765,447.9744041
0.008500205,4428.677272,454.8948316
0.007670024,4278.659325,423.8104084
2.88E-04,4262.111059,435.5590568
0.007775522,4315.170589,426.837246
0.0072464,4478.093851,453.104267
0.006045892,4265.011716,433.9026541
6.21E-04,4543.952811,448.9243526
9.66E-04,4314.099199,452.447735
0.003583009,4280.624446,449.2986043
0.003825169,4275.699588,424.6063065
0.005496026,4392.944143,457.0901236
0.001884056,4184.979265,424.4718588
0.006299701,4416.402489,438.2571172
0.005626785,4499.280135,425.23691
8.94E-05,4304.095324,419.850468
0.005242862,4455.470519,455.5249663
0.005442642,4318.979177,447.2077206
0.005182604,4482.21873,418.6879691
0.002556759,4382.015437,431.3931622
9.11E-04,4546.387615,452.0796598
0.005722332,4425.756481,438.1240457
0.003951519,4499.099391,446.0388612
0.004197122,4420.407012,458.1460052
0.008630887,4353.769841,434.6597791
0.005518391,4235.761282,456.1736605
0.005529744,4255.809378,454.2542487
0.006463135,4325.493723,433.8694617
0.006655237,4343.824957,440.213673
0.003504194,4354.824921,455.1608129
0.009688132,4282.564826,424.8749311
0.008713482,4344.038751,423.1179241
0.007170479,4561.262405,425.962257
0.00340382,4474.747343,439.3171433
0.009910199,4548.565027,428.3080341
0.004563875,4326.525516,458.9689599
0.002357222,4493.262515,440.6881087
0.004633624,4247.178933,441.3239458
0.002319932,4458.505427,446.5725664
0.009747007,4495.052622,448.9602578
0.007427293,4443.524592,425.1426923
0.002870596,4193.530661,426.5416682
0.004229729,4465.032981,428.058548
0.007311967,4315.710839,438.3608007
0.009012377,4562.990675,447.5017256
0.007817611,4395.294708,438.4153865
0.001609108,4563.224695,435.5332065
0.006418331,4417.976354,439.2421143
8.78E-04,4248.623461,429.6479095
0.003863462,4208.301471,424.439559
0.003471655,4580.965072,443.0841438
0.002580843,4562.952109,437.1837307
0.004698858,4481.456815,455.0160644
0.004673898,4322.679439,449.2667132
0.00463926,4248.309864,418.1874095
0.008926763,4174.713787,449.4498871
0.006436104,4524.461501,447.3094869
0.008467723,4412.098222,421.0558688
0.001202508,4246.29716,445.7815757
0.008351903,4429.126114,417.3201877
0.006138401,4586.528518,428.3482994
0.009032094,4566.746454,447.700924
0.008571695,4214.23142,419.6839171
0.004544881,4574.229624,440.0508716
0.008552966,4204.386911,441.9219317
0.008989857,4439.283057,439.5294192
0.005815545,4352.678177,450.3299161
5.23E-04,4242.393206,441.1642598
0.002813677,4441.050522,446.7826688
0.00171509,4212.743514,435.056852
0.001136952,4484.265713,429.2536017
0.002277671,4485.394699,420.1813518
0.004786596,4314.501504,458.2645239
0.002766906,4286.173219,429.6719129
0.003330186,4417.24434,421.8327036
0.001002038,4288.791968,441.4992174
0.00603322,4306.39112,447.7528745
0.005366927,4286.803012,440.6099763
0.006226464,4247.851017,450.3809248
0.009383986,4264.98071,448.7737529
0.007325308,4535.456699,436.7514049
4.93E-04,4403.387158,439.6831958
0.004155603,4350.128698,442.3183721
4.12E-05,4268.5957,427.5134903
0.00729192,4485.592511,443.8075489
0.007688451,4244.417478,443.4314667
0.002257125,4229.676489,452.9195068
0.006010153,4250.018867,417.1777409
0.009541324,4395.721735,454.7802641
0.004937959,4337.769637,433.1447784
0.006332946,4453.958606,445.8207461
0.00501805,4495.376793,457.4042285
0.007538287,4447.568929,417.4158439
0.003169719,4442.906771,428.9723806
0.005615479,4202.821122,437.0577297
0.007748987,4504.370147,426.2610824
0.007004971,4502.297551,444.7594671
0.008689075,4307.897854,439.4602098
7.59E-04,4220.775455,423.0072448
4.19E-08,4370.025921,436.298416
0.002163625,4283.486314,434.0615073
0.009894025,4385.228389,419.5284604
0.006795735,4301.620236,434.2379194
0.006566912,4386.848398,451.8561267
0.001298205,4398.204867,456.0302057
0.004466875,4539.721887,454.1353144
0.003732979,4213.25106,441.3105985
0.005077383,4448.24801,425.9056278
0.009109559,4172.823422,453.4921667
0.009701797,4365.355174,429.5500166
0.002636781,4376.752436,435.2226663
0.001758244,4217.551974,437.4078902
0.006602074,4225.37767,422.807184
0.00135462,4192.405494,452.0177938
0.003274852,4576.28022,425.6945233
0.006624179,4314.043564,446.9836745
0.009517494,4538.242775,441.7284502
0.001734182,4262.71169,449.5255546
0.006681445,4506.205124,428.7689878
0.008868577,4236.630057,431.4497799
0.00830059,4406.886123,438.7442975
0.00450664,4219.197357,457.1168967
7.18E-04,4225.05807,424.0591153
0.006982531,4469.059587,435.1662628
0.009373558,4344.876554,453.0229526
0.00868012,4329.812628,432.0962246
0.001698041,4571.253325,423.1670805
0.003845564,4232.272274,446.1663457
0.001892039,4433.000346,421.7471663
1.74E-04,4470.791907,456.0666229
0.009785313,4206.067426,453.2358691
0.00826383,4251.706576,420.0322881
0.006729872,4249.274492,457.8801532
0.004894276,4322.418004,433.5297582
0.008182324,4562.204472,420.7931947
0.008673502,4451.328931,418.5351798
0.00539089,4388.426306,453.8457542
0.001876031,4298.572807,454.3285497
0.004845017,4251.924381,441.2755937
0.005049967,4512.931191,418.1554675
0.001206991,4545.829302,421.4339671
2.34E-04,4461.117125,418.088182
0.005156543,4528.743247,427.8726434
0.008387904,4473.389143,427.898154
0.001171926,4357.495795,427.3800588
0.003888314,4330.229023,425.4310426
0.00353949,4300.582809,434.0872557
0.006401654,4203.503847,445.7007273
0.009968175,4261.349654,452.3593335
0.003876254,4246.203274,419.435336
0.005265232,4491.578445,449.7121389
0.006944908,4535.808524,436.3852204
0.002262221,4191.314619,438.6606257
0.001093605,4458.838584,455.3217648
0.007705451,4587.800549,444.1144655
0.004086405,4435.990787,426.7795222
0.002188605,4295.007158,456.7208881
0.006674235,4423.775101,432.6872535
0.006127549,4242.855521,423.110117
0.002669022,4457.628787,440.8183339
0.007145587,4542.368752,430.2889379
7.32E-04,4525.337758,417.4376462
0.005548842,4390.803454,442.6201057
6.18E-04,4266.103936,444.250417
0.00273137,4347.987366,448.7609439
3.66E-04,4427.036063,441.5422075
0.004724803,4565.324037,421.4225747
0.004285552,4534.012507,438.5434652
0.004428811,4317.349092,449.9509481
0.008088273,4227.403448,434.723818
0.009454709,4423.348675,434.3376715
0.005504874,4341.043453,423.4074476
0.002775073,4256.286431,445.0243907
0.006576784,4531.028515,430.3264107
0.005973711,4584.57436,429.3901391
0.00511057,4244.647033,421.596434
0.00416419,4432.707817,425.3344663
0.007664685,4387.766321,452.3417285
0.006976141,4214.478213,439.6583797
0.007644515,4494.50159,418.3121805
0.009078884,4345.856275,437.1051195
0.008706297,4496.09461,437.0332061
0.007054924,4252.825829,456.998848
0.002956142,4561.500886,437.1264885
0.004779523,4261.856756,419.6138267
0.005944466,4567.704244,441.6833498
0.002593192,4380.742961,437.9583586
0.002935378,4554.589369,452.2736361
0.003752427,4328.154754,435.6533621
0.002343797,4492.50307,446.3428763
0.001889032,4553.596765,457.8216257
5.69E-04,4569.231677,419.2934264
0.004169294,4537.823078,447.7031564
0.007780826,4264.263838,424.1227952
0.002885386,4450.767196,435.9479785
0.008719995,4236.464419,437.3622807
0.004745894,4527.691089,442.8715412
0.004385046,4368.413162,422.174238
0.004554731,4547.695636,452.3000801
3.40E-05,4391.164455,450.6324115
0.007583761,4312.881528,443.3372843
7.47E-04,4556.794906,418.8109475
0.006484148,4186.504697,446.8570941
0.00262655,4452.13367,422.2984146
0.004930752,4449.685598,447.0352105
0.004451164,4219.612597,417.2091565
0.003418309,4367.837356,426.3295357
0.005896997,4335.504092,437.65801
0.009990054,4298.165781,418.0606284
0.001575036,4403.089809,418.5583208
0.003709795,4264.026351,438.8871373
0.00202549,4536.110234,458.065884
0.007503359,4216.525061,417.7751049
0.007015689,4436.6466,428.8388056
0.001029588,4519.356291,435.5643472
0.003003152,4261.898161,420.345178
0.008109645,4589.625552,434.9398164
0.009901132,4295.783295,457.453628
0.006029058,4299.843588,431.5723674
0.004664828,4459.202048,457.2121346
0.00440936,4507.949455,423.307527
0.009509292,4530.473683,419.9772714
0.007638998,4192.603664,438.5040257
0.009115935,4173.196677,437.148016
7.92E-04,4535.204314,441.0213871
0.004498954,4446.948175,440.5340289
0.009860325,4367.979292,422.2656489
0.008144653,4298.996636,458.5825275
0.002847147,4423.558308,451.9355233
0.002019992,4414.004024,434.5465382
6.78E-04,4535.827079,444.1491187
0.003125972,4321.195391,443.6281951
0.003681712,4419.777199,424.0898516
0.00841743,4552.565955,449.4427214
0.003662081,4278.363772,449.5571938
0.009599551,4425.109418,443.1583877
0.007090588,4453.22332,455.8167283
0.009735845,4407.234541,455.5128522
0.005206247,4395.008134,446.9402222
0.002981866,4466.326407,435.2461116
0.008792934,4482.145432,458.4583712
0.006198856,4551.349404,456.3097564
0.003818644,4556.009707,440.9970468
0.002940096,4236.114905,419.4917285
0.007950778,4223.446975,427.1996316
0.00548952,4490.729733,426.4083252
0.005679245,4471.736401,450.0756159
0.001650404,4508.06834,444.8007308
0.005448823,4215.235114,419.1750175
0.004964136,4558.737307,454.7207093
0.002664796,4302.111631,442.6816764
0.009298036,4248.868995,431.3128041
0.001017867,4585.836365,428.9511571
0.00260987,4572.201631,423.1897182
0.002054915,4325.934541,419.9938474
0.004804876,4434.997305,417.8184723
0.00897888,4563.851727,452.8383429
9.31E-04,4586.970516,450.260455
0.001762573,4285.073478,451.4025541
0.009945987,4466.840028,428.2518212
0.008796054,4437.019499,443.99305
0.001812659,4185.680418,420.5959899
0.006055135,4385.944787,436.1759522
0.008754786,4305.185955,455.3612735
0.005900896,4289.670353,431.8821546
0.002790747,4500.366885,456.2698101
0.009958072,4460.374636,432.7390422
6.94E-04,4372.690087,432.4601109
0.001065248,4359.598292,455.752536
0.004838083,4296.181836,426.6650669
0.007187472,4532.672876,442.9901087
0.009602158,4477.843177,432.5222232
0.008464009,4370.451551,440.7578392
0.009545438,4424.594926,439.1014975
0.004692482,4491.463771,447.992835
2.38E-04,4315.335696,435.626559
0.009084962,4422.286831,441.5556936
0.009103074,4558.060462,442.1952485
0.004035357,4226.089983,452.8475259
0.007197779,4578.118338,449.9065954
0.00744065,4537.302061,421.3525674
0.006613119,4422.719877,430.6903985
0.006928303,4341.97625,418.6191674
0.004945919,4550.405334,434.2599937
0.006232489,4177.174199,442.0330387
0.007987928,4364.973304,419.6532594
0.008001055,4303.895189,420.7474783
0.002102318,4280.804846,451.7473018
0.00786834,4331.129711,453.6663498
0.005588192,4224.865903,439.0515668
0.007168929,4336.005526,457.033181
0.002272906,4540.759174,427.6540166
1.82E-04,4211.192529,423.208027
0.009129631,4579.479848,421.0970864
0.002723609,4268.137485,437.2171763
0.004899302,4575.544832,445.1812285
0.00552055,4527.138199,454.6216265
0.008450088,4360.210752,417.2929424
0.003632492,4579.385184,439.6102018
0.009156219,4389.903006,454.8028154
0.001618611,4349.070289,419.3333762
0.009849397,4256.928284,441.3651477
9.52E-04,4387.81483,446.0013006
0.003250908,4245.898285,446.7304172
0.003527108,4384.403114,428.790434
0.005636426,4422.139137,427.9900724
0.008720292,4317.671632,431.2457932
0.008006877,4239.542296,426.7536647
0.004471163,4559.429813,424.5715475
0.002796037,4203.152121,436.0230913
3.07E-04,4236.958418,442.442505
0.005481534,4345.677841,429.0347161
0.00951236,4281.591916,441.0364487
0.009836305,4507.297185,422.8991643
0.008447181,4449.97883,432.892211
0.00727101,4177.34801,452.0410973
0.00623545,4488.132488,430.6332037
0.005097336,4204.123832,434.3007114
0.003823871,4282.287514,421.7047427
4.28E-04,4501.847843,453.9449086
0.002753416,4585.485778,442.4922945
0.008936726,4504.715645,455.0951278
0.008187916,4401.521332,419.2428598
0.002144762,4364.264874,446.950697
0.004619801,4384.14925,451.6504171
0.007267734,4532.324045,425.5775634
0.007789557,4481.173074,436.6896332
0.007131674,4416.615535,450.8969689
0.009486587,4464.17087,418.7563363
3.39E-04,4352.435608,430.9908159
6.86E-04,4489.774373,433.5191545
3.63E-04,4174.871074,433.6719982
0.005651524,4520.456705,453.7854656
0.002001504,4183.646462,423.7393612
0.007207767,4303.796801,433.2684074
0.004252361,4497.99174,447.9437416
6.63E-04,4369.528199,421.7822351
0.001416518,4307.279812,457.493196
0.008295202,4405.848723,427.3345662
0.009609321,4392.549854,450.2407494
0.003141432,4324.258615,450.2158711
0.004217574,4200.939763,457.8516948
0.008558759,4576.010776,438.9982974
0.007573675,4463.588242,437.9065424
0.005814964,4348.495858,428.5881868
0.009717905,4550.542758,419.785997
0.007085245,4537.491665,429.8163892
0.004571955,4396.322206,431.9889102
0.004237491,4564.851609,428.3318969
0.007251402,4496.538062,453.821388
0.004305213,4205.503912,448.8948485
0.004117094,4408.354436,458.1622133
0.003483638,4366.245938,444.3475026
0.003756012,4331.51543,418.3303143
0.001989601,4587.239327,432.1649991
0.006639038,4543.454985,442.5862815
0.004017422,4435.457121,417.2681386
0.007478532,4267.24193,427.3044335
0.004741783,4480.565608,420.8804526
0.00121731,4278.047833,444.3950021
0.001487251,4330.058676,433.7985611
0.002837773,4515.054667,426.9727196
7.37E-04,4480.876886,441.8607627
8.62E-04,4182.352944,430.6031611
0.007283067,4498.470454,438.8574956
0.008940544,4219.947021,458.8164546
0.00210763,4478.548761,448.7500776
0.008081681,4588.195659,432.2273936
0.00538022,4248.209127,457.66857
0.004908781,4272.481517,442.2720054
0.00936288,4434.316331,433.2107416
0.001614655,4207.559755,457.3391031
0.005612182,4226.795591,430.1618005
0.003053107,4269.972812,438.9619542
0.008524057,4555.450315,425.9003211
0.002526417,4296.838302,424.3038027
5.27E-04,4262.420512,458.7504657
0.001589829,4391.088615,426.8103062
0.003696616,4365.966347,431.7403526
8.72E-04,4413.84769,417.5528631
0.005122416,4363.842654,432.0455202
0.002221252,4380.665296,441.8081847
1.32E-04,4194.801657,425.5590372
0.006518986,4492.05174,442.3787609
0.001624915,4460.037123,451.3376737
0.006869479,4447.987216,434.4302637
1.09E-04,4509.464335,427.669931
0.001771956,4461.87677,450.3027263
0.007549062,4365.455856,457.5998825
0.00404386,4335.135525,451.7180259
0.008153397,4244.014155,449.4721542
0.008047761,4411.159994,439.0208313
0.009258512,4189.293103,448.184242
0.005083337,4178.430782,452.8804244
0.003021904,4263.898122,452.3981765
0.007227609,4478.276883,421.6706732
0.008116121,4382.362435,450.6544876
0.009871993,4482.718337,428.8034201
0.004566604,4379.110371,448.8430437
0.001198873,4289.577079,429.1555877
0.001447898,4402.041349,425.8285043
0.00514912,4457.791643,423.5569289
0.008282841,4194.924242,443.4926762
0.009866866,4544.173741,433.1500393
0.00173956,4504.053287,450.4394344
0.006985322,4238.546886,430.8796904
0.003534938,4324.627177,422.1348543
2.51E-04,4349.668389,440.1471956
0.006849119,4584.401069,445.3696974
4.85E-04,4546.651421,419.2048255
5.77E-04,4479.530302,455.6492745
0.007632001,4192.826026,446.7711312
4.37E-04,4201.74292,434.1032518
0.003355351,4334.740106,431.1352153
0.009267917,4574.506678,451.5648567
0.007544288,4543.576094,436.7978475
0.003181069,4480.909352,426.4366831
0.006379173,4296.624896,434.6852048
0.008598298,4499.539359,430.8313451
0.002470674,4316.033693,441.5921971
0.008742678,4524.740369,424.4782603
0.006823868,4529.569278,449.0353309
0.001377682,4547.825044,422.6337477
0.003956159,4586.627511,418.0258309
0.005278487,4309.659966,437.7457586
0.003431177,4332.457982,420.0487442
0.0015247,4369.065782,436.4049522
8.83E-04,4446.426348,426.3205126
0.007371889,4312.123887,456.6544511
0.006269321,4573.703447,430.6274187
6.44E-04,4398.274013,419.9330183
0.005089233,4224.59936,428.6525459
0.007899236,4322.013995,422.6022352
0.008369043,4346.722752,447.2598806
0.007599483,4383.685363,451.2142729
0.006951725,4234.510516,447.7885748
0.003161367,4337.221314,441.427944
0.007046439,4542.798916,421.0898574
0.002597449,4378.030724,436.6325696
0.006990647,4492.186843,445.0566773
0.006560772,4472.604744,444.0270812
0.009060567,4396.757564,438.4830842
0.008933722,4582.31198,458.0898344
0.00736575,4317.96228,427.5869919
0.00248327,4481.635582,458.0117328
0.002385621,4571.984968,422.9863096
0.009693449,4484.46931,437.76263
0.008837135,4453.751402,449.1486498
0.001640082,4449.076272,440.4627227
0.005557663,4270.66925,417.712355
0.005996907,4309.73481,421.5297464
0.005781228,4580.546663,457.3718793
0.00797994,4217.228974,423.4017781
0.00646969,4300.055166,427.6253219
0.001145445,4244.763955,443.9549793
0.006274941,4431.680773,417.0422825
0.003606125,4179.013777,425.646097
0.007894835,4178.038432,431.1779671
0.003851559,4454.306547,450.4042245
0.009375367,4417.565332,419.7214255
0.006753714,4453.343667,436.5400251
0.00582279,4560.589448,440.5914055
0.007114482,4442.307679,447.0657863
0.008884581,4359.492369,428.8942334
5.17E-04,4204.940398,423.7662852
0.001702103,4190.728488,434.9906227
0.002671505,4333.305672,434.5319689
0.009227259,4229.731908,437.0384247
0.004700815,4542.604177,419.1125638
0.003196843,4472.131145,442.9744891
0.007214888,4194.269282,420.0044134
0.001954528,4487.085229,437.0038982
0.009876448,4184.354266,449.9445331
0.008496833,4390.104189,423.3384595
0.007885582,4431.976811,417.8659455
0.004808726,4572.914401,434.4136692
0.006900478,4400.673113,427.4953421
0.005039359,4532.893838,444.8056369
0.009708268,4312.643293,441.1135902
0.002235884,4305.55752,446.5962748
9.98E-04,4442.258743,420.6644927
0.004417211,4354.012867,444.6530987
0.007526674,4486.157522,457.0572573
0.003348147,4565.528232,448.1526718
0.005298323,4508.542396,445.2287689
0.004052204,4287.518883,430.1326925
0.005870218,4417.134555,454.8400709
0.007800512,4439.435396,447.1975189
0.006224207,4557.132283,450.8479414
0.002927626,4256.170493,426.5919386
0.007974054,4439.786188,431.0260667
0.006921681,4566.57995,458.0336061
0.00372197,4445.199197,442.7370465
0.00741616,4539.068744,417.1259742
5.99E-04,4357.100042,418.9966159
0.001022036,4255.947555,444.2012448
2.19E-05,4398.775641,451.635326
0.007924292,4195.430671,448.4393777
0.008307421,4349.791505,447.5469236
0.001677782,4195.905339,435.1515317
0.00615266,4437.287762,434.6045173
0.006718378,4306.31932,452.5197108
0.003795082,4542.221408,455.8856448
0.006110623,4396.047087,452.7109537
0.001453168,4259.408632,446.5331574
0.005884302,4463.362564,432.6740459
0.007026811,4226.393981,436.4379512
0.005055507,4359.846621,427.1159159
0.00683745,4263.257257,434.3555919
0.007263092,4336.85429,424.3310783
0.006536574,4344.241211,424.2743128
6.03E-04,4322.883588,438.096069
0.005217319,4403.560127,431.4164987
0.009067225,4457.133147,422.3570377
0.008525652,4455.819843,430.2321897
0.005360107,4506.604448,423.98166
0.005238788,4582.977295,450.0695197
0.006392159,4454.710081,449.8006748
0.007870821,4370.15955,458.6017259
0.005510397,4486.07835,453.77038
3.31E-04,4415.727185,425.4682014
0.001338193,4528.558598,443.5827035
0.003287739,4227.685573,453.1899802
1.48E-04,4428.848732,444.505386
0.005994287,4448.919061,455.0936802
0.007104364,4486.786453,424.1419537
0.002622259,4513.29509,421.4601707
0.002146654,4380.161661,436.9813403
2.56E-04,4494.693366,418.2409269
0.002716597,4232.615574,420.1993127
0.007463186,4329.70955,426.3660492
0.008545957,4427.447441,443.0222218
0.003779278,4432.354623,419.3791746
0.00905638,4299.271185,432.6454944
0.007741245,4585.581358,442.2161013
0.002880114,4351.226359,426.1201726
0.002510524,4300.314018,442.6507133
5.06E-04,4359.179878,456.7505916
0.006946027,4275.519687,417.3950925
0.002331648,4264.392304,429.7944143
0.008586979,4579.873015,443.6909493
9.44E-04,4374.144558,439.9869279
0.008538431,4578.853235,452.7492984
0.003388468,4316.325055,444.9660257
0.003989887,4504.922245,447.7848249
0.003902971,4527.636726,441.4100951
0.00404832,4213.190459,454.5848986
0.007881478,4198.079528,421.326446
0.002831071,4372.086158,429.4441503
9.24E-04,4220.455016,428.8705101
0.008430901,4372.192634,447.4065042
0.005407948,4474.361775,421.1429768
0.004956987,4506.385398,447.4811113
0.005230787,4537.934063,419.0949158
1.56E-04,4523.504221,439.3607525
0.005763341,4216.13787,422.6553558
3.71E-05,4318.046893,439.4416558
0.009281239,4349.5077,454.4449835
0.00583852,4259.132586,458.8821338
0.003435694,4332.750559,457.1610791
0.004714102,4300.866895,444.2906717
0.004457817,4312.427332,433.0225557
0.006077263,4259.790032,451.3844913
0.008569893,4310.44093,430.2084541
0.006441779,4347.40329,432.5157574
0.002564453,4259.315214,458.1845107
0.003240099,4289.959833,430.1147072
0.004921717,4514.395653,430.5143497
0.006106623,4319.630445,452.1679195
0.008131889,4299.530493,426.5160385
7.08E-04,4377.849718,453.3458224
0.002374273,4560.686556,456.8248003
0.005508834,4197.031304,431.0827144
3.54E-04,4254.849964,433.0730635
0.004480631,4423.899581,454.9852982
0.004518224,4517.324045,433.0585473
3.43E-04,4521.172394,428.6617394
0.003492177,4320.807229,440.0133452
0.009049779,4544.411573,444.6998736
0.008110227,4419.164948,445.2116192
0.001120361,4483.460219,434.8767963
0.005930859,4188.599549,448.5197913
0.00993965,4408.237067,450.7786227
0.001663498,4237.931646,452.1873723
0.005228362,4219.05337,423.2945436
0.001390956,4304.26965,445.5747809
1.15E-04,4517.075273,427.0243536
0.006455463,4231.337467,430.5612463
0.007224951,4414.844527,420.862756
0.003468358,4347.546688,453.6935415
0.006148769,4290.189793,452.4834056
0.0081259,4231.706958,445.0125063
0.004798763,4268.854567,458.7265497
0.009950449,4236.298253,434.7923865
0.002394414,4545.876454,429.2820719
0.003227788,4424.297813,458.7807964
0.006262732,4353.575438,420.9151291
3.48E-04,4228.758276,445.9597429
0.008207546,4535.017827,421.283099
0.001482637,4410.899701,436.0310591
0.004767238,4188.390325,418.225923
0.005894094,4200.756861,452.1236518
4.06E-04,4536.928022,455.0324111
0.001967866,4376.008759,431.2876343
0.006995912,4558.2221,447.1557763
0.004376542,4446.140189,422.3227017
2.73E-04,4198.943701,438.4748806
0.009003956,4358.30118,429.5240875
0.006183166,4533.632548,427.3215391
0.006888692,4208.80476,428.1052593
1.44E-04,4219.391884,454.5482789
0.002399672,4505.904277,444.3352166
0.001980423,4441.232006,433.494375
0.009345337,4276.064633,446.4738739
5.11E-04,4223.774215,456.4398721
0.002946861,4265.293302,447.3632609
0.003012371,4576.744167,444.223103
0.001604498,4497.280002,437.6408868
0.001743318,4442.052392,421.1615846
0.00707147,4233.18189,458.2265338
0.002422085,4515.809502,418.6059871
0.009809385,4362.233579,424.0079143
0.002686798,4387.385882,452.3075455
0.004665757,4494.006246,456.8410548
0.00429922,4381.661254,457.4771879
0.005802,4273.068849,429.9091732
0.002707201,4304.472427,441.5240201
0.002297208,4528.019422,429.5802209
0.009141849,4577.707773,422.0236762
0.006939975,4551.760082,448.8270599
0.005379639,4199.666957,452.9560059
1.97E-04,4338.430696,452.7221281
0.008694627,4326.215323,450.4230271
0.006281481,4464.683187,451.3050854
0.002406409,4297.736259,440.7809491
0.006206985,4281.232604,440.6694048
0.001781313,4369.198568,418.3446058
0.004027965,4240.25159,449.0716673
0.007161808,4456.396178,436.5977748
0.001745585,4418.656688,458.8354059
0.003409385,4549.719333,452.2521182
0.004090966,4431.588977,437.7749227
0.009387764,4496.843725,418.5832845
0.006660892,4235.508454,446.4502877
0.006958612,4471.540448,455.1895275
0.005434932,4179.353684,446.7495952
0.001918782,4415.168465,432.4475767
0.00749934,4348.569331,433.5711921
0.004901992,4174.081636,444.5344919
0.002501117,4255.575243,447.013653
0.003100195,4491.155599,451.1422707
0.009844288,4368.249595,452.4135693
0.003554099,4358.954732,448.6218917
0.002897144,4405.591917,443.456357
0.007067217,4418.140047,433.4181182
0.001263717,4460.453585,443.7097463
0.005765994,4544.86311,450.3245925
0.004609757,4428.374231,434.1276698
0.003944055,4356.913073,423.260726
0.00621996,4500.557347,433.1859827
0.005468053,4288.999581,425.0450378
0.005458439,4351.577486,419.7611509
0.001823309,4559.156283,432.8130477
0.00351449,4479.985356,419.7997051
0.005163943,4201.168562,434.3128002
3.89E-04,4218.123939,432.5635216
0.005341961,4578.25521,422.1913292
0.001075986,4482.927211,453.2638803
0.001008958,4404.686845,438.7922008
0.009682023,4568.764174,440.0724778
0.008254605,4495.180806,445.1124897
0.009008728,4277.946504,454.081102
0.002960869,4297.943196,435.2754331
5.73E-04,4502.933257,451.0565158
0.008356437,4258.105418,458.3633115
0.00345318,4402.449113,449.8780501
0.007949795,4501.177646,442.3501727
0.003867263,4217.833913,456.7815759
0.005284119,4248.087534,420.6340109
4.74E-04,4239.839042,417.9445673
0.009886827,4446.730337,438.352283
0.006582962,4257.26827,429.5091519
0.003089294,4321.465165,439.635433
0.00610299,4470.209878,440.085377
0.003064839,4529.903886,445.4953874
0.002098063,4313.571051,440.884902
0.001012832,4371.67982,431.7990904
0.003350609,4301.461641,440.4850882
0.005708601,4466.03683,430.8400023
0.009742073,4371.764768,443.4012017
0.008211698,4519.659904,422.5000481
0.006881503,4446.534183,448.3294039
9.83E-05,4577.915082,429.7281491
0.008489291,4207.822477,424.1967465
0.0065904,4581.979106,421.8125076
0.001032505,4404.809532,427.9159219
0.003949395,4488.591188,443.5137438
0.009426336,4293.840476,435.3575262
0.002600426,4196.229214,438.9704133
0.001285723,4215.653838,433.6033637
0.004032631,4511.586272,419.2718964
0.006705363,4269.084092,448.476945
0.005581242,4247.595172,429.3198189
0.004220034,4412.806011,418.9768416
6.69E-04,4186.854638,431.6991202
0.003156413,4213.886572,450.9315234
0.003192283,4412.293425,455.7122995
0.005828669,4302.485338,447.6762407
0.001573072,4475.357432,449.7615144
0.001904648,4588.500027,426.8785187
0.002901741,4578.812428,436.6466157
0.001963502,4502.007209,439.8969407
0.007605647,4475.159516,446.9075729
0.008669905,4352.114928,451.2400354
0.001873907,4214.445593,452.7963467
0.001726849,4523.895983,454.4735976
0.008155965,4564.455745,456.4720974
0.002111692,4366.871177,424.3138401
0.008149815,4489.07948,429.3466823
0.002489471,4558.407839,422.6863262
0.009304503,4289.056672,433.8089682
0.008620314,4185.643116,435.2044551
0.008024586,4382.56042,457.3060079
0.001861599,4329.275603,457.6959278
0.007435131,4331.275885,447.826398
9.89E-04,4277.03689,451.2873249
0.002094747,4470.330137,433.7611183
0.006451739,4323.050628,456.0030869
0.002152389,4263.474095,442.3399827
0.001405299,4430.969845,456.8735572
0.00267776,4308.762293,442.1356126
4.76E-04,4186.324829,437.7210139
0.003367184,4388.149276,444.4465913
0.002347153,4550.152993,448.1943916
2.60E-04,4198.764661,446.0432882
0.003935505,4237.100022,435.5106978
0.006930624,4519.274349,436.208894
0.00865035,4258.745216,434.5972827
0.001245029,4343.413045,432.3650868
1.92E-04,4183.286975,421.3137808
0.009288705,4197.81659,437.8213111
0.007797966,4311.690339,419.2529042
0.008231104,4518.191668,456.8845338
0.009772644,4403.883867,453.6434777
0.001558587,4220.613567,436.8323712
0.004966712,4291.601742,451.4988149
0.009366338,4466.182659,420.7109963
0.004600697,4469.295438,425.5965269
0.007617618,4233.474894,438.7000476
0.006785932,4242.186789,451.7951611
0.007452929,4559.211154,420.3981202
0.008135595,4337.254579,435.5952367
0.009329526,4551.098606,418.7710819
0.00587594,4175.452078,430.7340133
0.001851314,4474.131363,418.7363679
0.004062522,4273.83533,417.4893375
0.00990962,4371.205651,428.3962126
0.00344124,4252.131152,435.0210338
0.001686929,4510.864759,458.493456
0.003688511,4310.196617,446.4392997
0.005004502,4320.322257,438.1328406
0.003874226,4366.903605,417.9567881
0.00725988,4518.037654,418.4098326
7.75E-04,4239.306049,434.175761
0.001990838,4399.333783,444.9090916
0.007492403,4586.249581,427.9259969
0.002548371,4324.927458,424.5564538
0.005552971,4532.827986,422.1013091
0.00897163,4249.679879,434.7743171
0.008911494,4364.056025,452.5364441
0.00719066,4365.655247,420.9993845
0.00134564,4281.349781,450.8199478
0.007523651,4367.108554,443.8218644
0.007037592,4270.606911,429.2222096
0.009589814,4399.577691,420.2586619
0.008161094,4233.935288,431.2350329
0.00635738,4285.918237,417.1038379
0.00190868,4559.808247,437.940875
7.22E-05,4179.66491,443.1239015
0.00885521,4460.68824,418.3971016
8.48E-06,4544.071908,440.9748391
0.006742758,4283.895007,430.304889
0.007470703,4429.092887,451.5715682
0.004782198,4277.410754,426.6424742
0.00941759,4187.759582,426.0455135
0.007611868,4522.719231,445.2763879
0.00686032,4430.55812,445.648109
0.008826746,4291.232138,424.9408166
0.009232549,4401.120539,420.6831666
0.009521172,4428.119593,417.5918093
0.001869928,4483.630955,421.1211279
0.008224448,4202.505499,428.4136723
0.004594076,4332.222041,439.8035862
3.18E-04,4362.830589,418.4300583
0.008056849,4533.337749,457.9700932
0.009633693,4338.639472,428.1849607
0.002998734,4327.652955,431.8453285
5.63E-04,4522.988917,445.7928704
0.006478485,4342.90867,435.6347648
0.007997749,4246.692112,449.7590481
0.007410109,4253.732443,442.4220081
0.005683644,4561.016018,439.7433244
0.003520143,4374.775283,440.7466081
0.004021607,4306.968276,456.412978
0.007515586,4180.96234,424.84046
0.004112069,4433.144066,421.8883961
0.003668834,4532.134184,450.7899092
0.009459306,4571.365112,430.9595416
0.004363548,4517.711189,435.862178
0.005985681,4540.006279,443.5589174
0.008995545,4254.417387,423.6115595
7.90E-04,4346.139698,436.3568468
0.007900435,4319.912066,427.258746
0.008011881,4375.785968,419.0789889
4.18E-04,4526.655237,454.9947502
2.15E-04,4225.888233,432.8665569
0.006251358,4224.252637,431.5006151
0.008091193,4379.516743,454.2161009
0.002043658,4438.987781,449.4138033
0.005969901,4198.225968,422.2168106
0.005912103,4383.082164,451.5428411
0.00827576,4547.105521,439.8072342
0.007382961,4410.049645,444.9410949
0.002760565,4335.66697,424.5184602
0.002727126,4548.363464,441.0845339
0.003258754,4376.988024,451.2569946
0.005316536,4288.075753,425.6594358
0.006506571,4525.528627,458.735683
0.007123132,4324.06461,438.7700467
0.007204704,4274.622586,454.3524309
0.0066317,4218.848414,448.059244
0.006646457,4355.891808,421.6157158
0.008812142,4302.686331,443.9182466
0.006061372,4191.782189,436.5801259
0.003898361,4543.170526,437.5383424
0.001999817,4212.522588,443.2659381
0.008895477,4539.938997,436.0535569
0.007151828,4575.263497,429.8348185
0.008649014,4271.186977,428.5093122
0.003637649,4547.994286,446.6348088
0.004176319,4445.656916,432.7137391
0.009040536,4303.4493,423.928409
0.00849137,4223.133085,427.7194331
0.001132946,4582.603711,432.5936226
0.002362198,4367.536887,427.5463529
3.27E-04,4208.876002,422.3963112
0.006370828,4525.626953,455.577061
2.93E-04,4337.936436,450.2661254
0.003344415,4198.430934,433.5666331
0.003099983,4433.718508,451.6276323
0.009092178,4335.348136,426.913712
0.009408672,4195.837392,435.8801397
2.04E-04,4356.215034,433.9978736
0.004257393,4401.286725,429.1061305
0.001395505,4410.608786,440.2287029
0.00184593,4220.138158,449.3325656
0.004263274,4351.778575,419.1479199
0.002737953,4570.951154,445.6703352
0.003766888,4293.246272,423.9371623
0.007099648,4554.103803,447.6502761
0.003068894,4197.602327,425.1845428
0.006381725,4567.183923,423.8406765
3.25E-04,4540.34531,452.0526712
0.007297705,4272.612138,447.1645076
0.004380644,4249.41517,445.7381287
0.006119895,4325.242636,439.2795533
0.00172316,4541.714423,418.6541129
0.006255428,4176.349912,452.9023145
0.003746691,4399.016961,429.1245436
1.55E-04,4351.369649,438.5653287
0.006414836,4194.029059,432.0609562
0.004621672,4290.514139,421.2947038
0.005165271,4260.048524,418.9561839
5.93E-04,4409.025944,445.1913035
0.006368913,4531.607845,455.8353831
0.006589002,4406.524876,437.4528224
0.008196012,4459.778649,433.3913005
8.57E-04,4285.73093,453.0703905
0.002646188,4176.809606,418.4935272
0.00154866,4462.004556,421.231664
0.008968282,4398.454397,450.6015947
0.007676364,4486.625381,454.8453522
0.009925048,4409.654645,427.6312742
0.005312723,4416.971589,441.4830107
0.001181144,4515.661437,440.6419024
0.007241978,4244.998197,440.4410703
0.006472777,4326.088428,457.5788552
0.007339333,4375.547167,425.622076
0.004581973,4301.936285,430.3540093
0.005590732,4531.393558,442.7199892
7.25E-04,4462.527306,439.1196819
0.009662406,4501.051466,432.5601122
0.009616342,4294.801004,422.5528997
0.001649737,4216.952405,456.4862534
0.005188281,4402.698097,429.1949738
0.008581934,4373.447754,457.263348
0.007511499,4477.753752,439.5875544
0.008890206,4379.948201,448.982301
0.005090313,4346.284785,453.8099633
0.007767434,4266.629258,419.9414494
0.004659336,4503.05746,447.3439965
0.009170458,4259.577644,438.4562822
0.003291896,4408.861306,439.777755
0.004184152,4185.072969,425.0861931
0.007398712,4182.727415,434.5079951
0.002756804,4493.457507,439.9218973
2.97E-04,4334.262447,442.2343179
0.002201521,4314.906532,453.7400828
0.007459991,4515.476559,450.4653101
0.002176556,4513.606577,445.5573147
0.005674885,4200.553306,432.9387383
0.008176528,4279.396534,450.0168271
0.004367258,4463.242973,421.0329186
0.008225556,4324.480762,429.9945493
0.0083793,4269.471762,440.2035169
0.004915677,4192.253235,452.3755348
0.004595123,4361.664031,456.1109165
0.005115694,4215.472437,436.9517384
0.009201588,4423.097588,421.2434451
0.008843248,4199.632898,437.0808683
0.004120245,4464.928139,455.7903345
0.005607007,4271.962588,420.2131022
0.008457572,4188.983787,437.8552229
3.80E-04,4552.34553,456.5250988
0.007348137,4583.167325,417.790342
0.004954546,4330.683228,421.655205
0.00270409,4499.990753,420.5473799
0.005262239,4495.758715,438.0799287
0.003282275,4573.194569,450.7401183
0.004774839,4291.976254,439.9625988
0.001911537,4343.557942,449.1205213
0.001177639,4523.360208,429.0313392
0.003598613,4193.833852,425.8029045
0.009261358,4421.627736,456.1606608
0.001313381,4471.197924,417.6831575
0.005596008,4479.091511,450.4932627
0.005154839,4207.174144,458.3241663
0.007982255,4527.447749,455.6766957
0.009590819,4481.796856,417.7539297
0.009790169,4366.341905,453.4471174
0.008384754,4264.729311,457.9358591
4.42E-04,4510.12107,455.2920299
0.005053207,4175.675701,451.4618167
1.38E-04,4468.902818,422.6114658
0.001471727,4222.868757,449.6083837
0.009624078,4206.972169,451.8991852
0.001225642,4341.507481,439.5551417
0.004491445,4238.117026,453.6111946
8.54E-04,4484.220316,434.4736349
0.009530675,4539.239876,438.9165105
8.16E-04,4529.068144,449.9839031
0.007059364,4448.563616,444.5691229
0.004394612,4433.677159,423.7563125
0.006088275,4569.62982,421.9131037
0.005788387,4502.437191,423.6494282
0.009121874,4477.300208,427.8191398
0.007956418,4450.060237,443.7706218
0.004488197,4464.452452,430.1848444
0.001367536,4452.648751,420.421742
0.00887918,4296.454765,453.2172773
0.009921959,4524.154562,448.0384611
0.002844828,4271.471871,441.4547353
0.005374857,4414.654513,439.236212
0.005258429,4212.361779,424.2098104
0.008311298,4374.21875,428.6216768
0.005695806,4263.71507,452.6005252
0.003328533,4484.954134,422.867486
0.009503071,4345.410354,433.2974442
0.008097789,4471.947321,449.5496532
0.007647915,4570.340377,431.657825
0.003048556,4401.801818,428.4783019
0.003204916,4466.642521,429.2162663
0.00320679,4256.454196,431.1678635
0.006773199,4203.335878,441.6559565
1.30E-04,4252.664172,427.8555388
2.66E-04,4399.860536,433.9168414
0.009342846,4556.549172,448.1242031
1.69E-04,4294.378167,426.0710035
0.005070387,4412.485268,439.0788239
0.007733529,4243.104979,449.6723838
0.006290385,4190.279594,436.3031843
0.001926142,4372.381832,453.1285514
0.009192274,4241.143774,423.0445259
0.002075534,4392.138176,451.1819946
0.001341434,4421.827384,457.7901274
0.007469028,4250.958545,437.5248458
0.007756534,4377.60314,426.6903779
0.00291834,4581.739035,446.6655426
0.007116583,4456.980528,457.7705189
0.004585152,4418.91429,433.3583687
0.001936403,4397.55756,439.6799555
0.00224229,4354.535321,451.6790375
0.008043046,4351.868346,453.9809019
0.00407549,4325.752621,457.4296961
0.006448343,4347.830329,455.3696821
0.006826292,4522.296828,419.8884298
0.006963797,4468.428259,435.8305426
0.004759399,4567.957306,437.4543442
0.009918496,4332.269828,457.081475
0.004439611,4473.173711,434.3968631
0.002434865,4211.114938,434.9252152
0.001801004,4284.524017,447.8891764
0.002218511,4260.59752,449.6313768
0.00179892,4515.312008,445.1374521
0.004174786,4451.478726,457.9074004
8.01E-04,4431.255002,443.3670636
0.005732108,4418.368823,417.9208811
0.00657436,4326.80545,450.958643
0.006017845,4327.933783,441.7592191
4.14E-04,4577.439374,442.0535883
0.00939962,4271.605053,422.5341443
0.001841256,4297.332402,435.3043816
0.004318654,4327.348346,431.6668609
0.005338431,4580.314201,435.7869193
0.007553062,4376.405536,440.3417928
0.00743251,4257.74712,442.2970631
0.00146244,4501.654674,445.4625456
0.008060695,4361.216901,445.9822295
0.006778703,4286.502486,437.5685159
0.004402216,4526.342521,439.8517503
0.001536369,4238.820168,454.1101119
0.00609372,4509.527493,454.764531
0.001514019,4539.421575,434.8264477
0.004442367,4333.679098,429.9513575
0.00457741,4553.171704,440.2832954
0.006667976,4505.958569,417.3445427
0.006763921,4386.572288,421.9190481
0.009782563,4222.418712,444.4721004
0.009565719,4363.165171,434.0352211
0.00123678,4568.473954,454.1770159
0.009933234,4465.608579,457.5190711
0.008481576,4374.491082,431.9565492
0.006895015,4240.670291,443.8409798
0.008862674,4486.399622,430.5352915
0.006123452,4292.910581,425.0002466
0.007735967,4230.996374,435.719092
0.008619822,4347.129782,430.0553427
0.006050941,4574.902617,421.9719744
0.001271413,4509.190236,424.6927096
0.002089785,4389.229596,420.3646768
0.009641474,4394.80161,452.1097137
0.003233642,4305.394892,449.3832031
0.003978409,4389.509326,435.4779968
0.001070026,4441.704855,418.292421
5.89E-04,4450.351727,445.764412
0.008991412,4302.862181,451.4519937
6.29E-04,4411.185364,443.0664378
0.003413499,4295.398789,450.0438042
0.00503391,4573.128806,436.0983618
0.008909348,4202.170842,453.5184448
0.001402945,4516.629051,433.6480949
0.009113065,4571.690125,436.1707226
0.003277789,4577.335015,436.8175154
0.007727857,4393.366407,437.3158286
0.006036999,4553.07713,437.5810444
0.00247524,4566.115947,424.7518145
0.008541417,4552.074886,444.7694106
0.009527158,4463.920904,431.8481331
9.79E-04,4319.241204,442.7661755
0.0024018,4273.59527,441.7441864
0.009235138,4557.581718,452.634333
0.009764559,4516.048131,455.2050682
0.008980719,4315.941506,427.2196473
0.007333265,4581.884146,422.9790496
0.008603404,4365.123982,440.794644
0.004475747,4203.989891,441.1372543
0.002115751,4389.760108,446.6843591
0.001142075,4313.803853,453.9231887
0.00277179,4490.184638,417.235441
0.005426993,4469.598423,441.7148376
0.001500319,4483.011242,432.6403511
0.006876068,4333.213077,417.5760155
0.009895942,4242.930826,433.68393
0.001672317,4465.787626,424.6660927
0.002522416,4250.638019,454.5310456
0.006388568,4287.259185,455.0680312
0.001975198,4199.894781,440.0330037
0.006398782,4395.587476,424.7977149
0.002931606,4199.408065,437.9217903
5.05E-05,4328.811769,423.0548651
0.008052856,4291.492468,425.3003126
0.004686335,4472.843785,453.178815
0.00965181,4250.276773,442.555782
0.006244981,4261.501633,429.1617433
0.007912207,4531.860078,428.007338
1.73E-05,4293.715697,457.022297
0.005702594,4211.844052,434.1561285
0.004558749,4314.307744,437.5007845
0.001751692,4483.884686,451.9910046
0.005214028,4253.162641,427.9682255
0.008077629,4338.143201,430.0068537
0.005759897,4429.49173,438.2200251
0.007625423,4576.419248,458.4085414
0.005845393,4533.862909,442.81136
0.003856185,4175.372953,419.6386729
3.02E-04,4224.02906,448.401333
0.006003244,4240.462149,422.2409346
0.009725004,4393.135238,433.7365714
0.003785071,4421.405365,457.2815061
0.009208105,4451.807263,434.9707154
0.005103296,4458.188223,429.6186267
0.006616194,4404.408314,455.4602078
0.00542386,4490.5898,431.0582076
7.50E-04,4201.624938,455.7017778
0.001359426,4363.562355,420.3231132
0.005416225,4381.844786,429.6393513
4.67E-04,4406.048109,450.9966311
0.002060391,4451.876995,454.2517565
0.003078353,4497.144321,424.2245684
0.002335959,4337.656028,443.5380739
0.006191404,4174.202074,429.8633064
0.003627334,4360.974597,426.9852088
0.002695818,4581.209939,435.0668938
4.32E-04,4323.279379,436.4658402
0.009462615,4375.164467,448.2554841
0.001897477,4493.217875,447.5623601
0.001497517,4334.372697,440.9244786
0.004067807,4543.012953,448.285101
0.00977548,4305.736514,444.8498772
0.003318345,4391.606421,443.010719
0.008698857,4209.682617,425.0126203
0.006676034,4404.941263,456.4343134
0.001476553,4286.973311,430.7290578
0.008519232,4366.622832,426.5024928
0.004529048,4545.00931,432.7545114
0.001112154,4252.270636,428.8487538
0.005201313,4239.975504,423.8494963
0.007555391,4210.785029,438.0163942
0.004370936,4354.581044,441.839858
2.76E-04,4221.962101,450.6634914
0.002166944,4521.345749,456.098423
0.009253328,4334.938772,436.5083677
0.008436663,4525.092541,432.7735007
0.003059238,4377.136844,425.989444
0.003711797,4475.791994,453.5196758
0.005577267,4553.452725,441.9858648
0.008956891,4394.430517,422.7117871
0.007715446,4427.922321,424.7766013
0.002496554,4571.730934,455.9200577
0.00949424,4202.140532,454.5109656
0.006520275,4229.381839,448.9916847
0.002551124,4432.547598,446.2083666
0.006724594,4307.443197,443.2916468
3.76E-04,4298.276717,451.0229631
0.0096682,4180.194862,433.3222293
0.001371779,4223.466865,456.2876063
8.21E-04,4520.582863,445.29804
0.0097144,4471.349394,424.1807405
0.00365479,4360.567964,451.8613736
0.002314265,4290.733771,435.7041603
0.005454976,4555.257791,438.6824285
0.004830631,4525.959973,426.4804602
0.005398742,4430.064258,444.990015
0.002184454,4262.923982,454.9107523
0.006549015,4480.147347,451.8135413
0.008787895,4287.590151,442.9194881
0.009798373,4180.452654,421.5608949
0.008806058,4293.596638,442.9096283
0.004271775,4570.712154,456.3831714
0.004726876,4426.485199,427.1241355
0.008952378,4290.344931,456.6147604
0.001494356,4574.410566,447.0020195
0.006969872,4329.020208,425.8433367
0.001309562,4470.474083,438.6132875
0.002861044,4181.488437,421.7932508
0.005490114,4587.477366,422.3382595
0.003223518,4549.14302,455.7756659
0.002985557,4370.672999,432.9916292
0.006275429,4266.796783,432.4147563
0.007158713,4499.811382,426.2455199
0.003239498,4195.176376,455.6226913
0.00435824,4310.98221,422.0132167
0.007177767,4485.256334,456.9550251
0.002214766,4277.253962,436.4673426
0.00786477,4269.339411,422.0685179
0.002817575,4415.040046,427.7601878
0.003565967,4206.28642,436.7258813
0.004793587,4475.019822,454.6931981
0.00662636,4454.551578,426.997334
0.004971303,4511.825876,426.4573877
6.83E-04,4545.295583,458.4140263
0.007142516,4511.663701,451.8245788
0.003364932,4190.562732,458.2932646
0.003997401,4241.949521,458.7053862
0.002426572,4352.840269,436.0688535
0.004538381,4434.438955,443.9322629
0.003149145,4227.61743,423.5112689
0.009438703,4333.914098,420.9295602
0.004707876,4183.87083,421.0204592
0.003216201,4180.74402,449.8503808
0.00238022,4473.729717,445.2480105
0.002492447,4270.124162,432.4899433
0.00367753,4180.010283,451.9778041
0.008329858,4292.456345,436.2536891
0.006339267,4300.923839,421.5021232
0.007858981,4267.400402,431.5203785
0.003808066,4557.764074,422.7461734
0.0083313,4370.9386,431.4420923
0.007905184,4467.38418,427.0929254
0.004109175,4450.580786,428.1261017
0.001921212,4516.888993,430.219453
0.004976447,4232.086972,428.230738
0.008294848,4573.960993,428.4385085
6.07E-04,4231.80942,418.8863008
0.004446603,4375.3811,421.9889498
0.002066414,4305.977967,437.6182154
0.005334068,4230.219235,419.8714549
0.003981232,4182.129753,427.06964
0.008170039,4175.179825,455.1568177
0.005856741,4510.583568,457.7553128
0.007279004,4237.514749,457.5496258
0.006352108,4362.071763,419.3157084
0.004154546,4426.945919,426.213503
0.006712279,4230.557957,457.1803062
0.009099994,4394.627433,451.1095057
0.004650678,4274.919413,449.6938501
0.008902695,4426.809591,438.2094056
0.003830086,4564.796229,424.5928738
0.006697886,4476.138526,457.7261322
0.009882101,4413.129993,446.8840993
0.007182302,4212.871025,441.9555729
0.006160007,4531.781218,426.1384654
0.002290656,4534.357765,423.539989
0.001819919,4566.346553,429.0628742
0.003620756,4350.255853,440.9092252
0.002269329,4196.913252,454.3659239
0.00301936,4540.475598,451.9064136
0.004680034,4216.585102,446.1874559
0.003555311,4589.398576,434.1840757
0.008823771,4210.434525,446.8065221
0.004130706,4459.573643,450.6980186
0.005309925,4353.389779,437.251442
0.007962363,4496.631285,439.4150581
0.007812367,4583.840349,425.038112
9.37E-04,4233.735653,426.5712233
0.003300328,4279.62517,455.4891216
0.002543826,4258.244049,429.748509
0.004461048,4177.604342,436.0040108
0.002138238,4368.965033,441.6383297
0.005860265,4513.937847,430.3815262
0.005470879,4206.590601,454.0978443
0.003717358,4276.903611,443.4643565
0.00574226,4472.982747,458.6474062
0.008408757,4474.558925,436.3809572
0.008745457,4191.601143,445.8876431
0.005346619,4289.399496,439.2167679
0.00499324,4406.658979,434.3869908
0.005663079,4588.71483,445.5318435
0.005475572,4271.805839,426.3518787
0.00840099,4310.601759,455.9823218
0.002820978,4327.07545,448.8722943
0.003111044,4381.502116,435.6717683
0.001412297,4172.592808,444.5232115
0.008947246,4540.961464,429.6865342
0.003570305,4226.613346,428.2853628
0.003516711,4556.26393,435.809661
0.004925357,4219.833275,458.1380779
0.006558314,4216.317114,437.2433898
0.002565117,4452.386679,428.6985938
0.00864461,4287.768773,436.8795962
0.00962544,4204.738265,448.6017249
0.002851445,4442.864539,444.6881737
3.98E-04,4508.767845,437.4942173
5.49E-04,4459.812165,427.8059531
0.002324003,4393.9585,453.4163364
3.70E-04,4234.952914,436.9248646
6.36E-04,4385.400533,453.5443124
0.005328417,4420.971102,423.2252287
0.007139457,4210.67945,453.2800541
0.009997593,4356.570642,446.0846491
0.00420964,4568.937463,454.4387489
0.003544372,4530.608742,430.1015952
0.005356245,4579.830035,422.1648559
5.41E-04,4476.940181,423.4897605
0.006348755,4373.77957,457.6212956
0.004301726,4443.998355,447.3852233
0.008018953,4207.654309,432.144168
0.00985665,4378.514255,424.4037631
0.007696748,4424.504058,434.7635181
0.008285049,4267.55812,428.3791679
0.003185922,4449.217994,418.8651481
0.002156824,4342.478388,438.5829643
0.001160143,4228.571672,446.5219724
0.005923627,4392.161592,445.8736319
0.00691323,4340.601507,437.6894544
0.00791509,4342.391097,442.6950896
0.006652015,4461.514859,452.6829806
0.003772601,4210.133484,433.4706856
0.00243857,4344.459639,453.8830596
0.005539858,4297.042125,443.2421088
0.006177281,4278.842751,446.8221558
0.005560108,4517.596126,449.0539366
0.001257484,4258.570137,431.7725546
9.59E-04,4477.411648,435.4865356
0.005137789,4462.935558,457.356896
0.007217122,4488.927185,435.3887906
0.002890373,4307.643166,442.7870523
0.003917527,4504.157318,449.830013
0.004347088,4549.460862,419.4605742
0.001805076,4329.349179,450.1542606
0.009315823,4563.607155,430.7059036
0.00867586,4385.740669,437.4258706
0.002516995,4498.731787,440.3773427
0.001109804,4386.175796,421.6851778
0.008338872,4437.861514,419.5839795
0.007806863,4284.362396,445.3997002
0.002780279,4500.302412,448.7178969
0.005410304,4380.429218,421.1905862
0.005718178,4178.343197,439.154566
0.007324359,4435.745883,442.4588481
0.002451176,4331.681436,452.4504502
0.001835779,4309.436554,431.1191323
0.009851195,4522.611455,450.1281939
0.002680328,4358.552372,424.655305
8.06E-04,4518.539266,441.6324078
0.005806896,4545.52971,455.2201675
0.00706479,4400.004067,443.7169803
8.39E-04,4184.178117,436.6572595
0.00337447,4414.500023,427.1821353
0.004532744,4234.168681,417.225466
0.001769766,4262.574509,421.2099295
0.001063007,4433.387487,429.0777061
0.003307063,4183.406165,430.5699066
0.009765815,4520.871641,456.5940897
0.006168501,4178.736318,456.3529665
5.54E-05,4434.604041,445.900368
0.004510298,4412.916794,447.2310309
0.002252342,4420.682212,449.3725478
0.003963256,4256.690221,438.9309396
0.001714659,4400.83988,420.5691665
0.001045466,4426.127345,437.8890972
0.005832033,4182.101424,432.9709728
0.003593844,4187.027257,428.6762512
0.005687878,4585.263209,418.2789934
0.003456226,4409.296649,420.1163917
0.001193808,4323.703403,441.0508625
0.002226294,4323.49658,452.580224
1.49E-05,4208.16104,428.5049521
0.008255916,4393.634385,418.1544509
0.009801894,4522.19847,417.5269013
8.85E-04,4393.619257,433.285417
0.005572135,4439.660766,454.8735869
0.004844078,4234.816217,453.0981161
8.27E-04,4519.905534,458.2146626
0.009723557,4562.69793,432.1394553
0.005288959,4397.020528,447.932367
0.005640641,4510.447994,450.4996391
0.004612129,4300.144803,447.0758798
3.55E-04,4488.221053,440.5487615
0.006686486,4431.016157,417.6179837
0.007791397,4573.574781,444.6759387
0.005141286,4399.083791,425.394832
0.009570994,4530.879419,442.5700637
0.005389391,4513.716465,458.1166389
0.006310565,4356.277287,450.861141
6.71E-04,4554.339975,433.71308
0.008074959,4304.856853,440.856529
0.002013648,4479.728772,417.8228633
0.002910095,4355.393578,457.1403081
0.00765698,4356.792783,420.4722665
0.001230499,4427.525228,428.731078
0.007829807,4586.877143,440.2625161
2.09E-04,4512.840445,458.5077187
0.002785838,4242.465371,425.4887306
0.009466778,4450.990471,417.5101441
0.006833875,4456.119875,424.7475541
0.009470265,4441.616453,446.6276784
0.004341408,4290.965209,435.260123
0.005729974,4512.361396,440.4312701
5.00E-04,4468.124106,453.9048419
0.007315605,4387.159826,448.2420907
0.009988589,4489.423802,441.5876223
0.008508368,4402.379655,443.0544672
0.004351963,4544.582751,458.6765613
0.009973403,4456.790629,456.6998243
0.007079251,4541.97623,448.4872424
0.008344861,4427.811961,453.3761254
0.008772588,4578.516072,425.261772
0.00517041,4267.990099,451.1005197
0.007488135,4246.584763,442.8012837
0.002950737,4541.14355,448.3017233
0.002033835,4514.185665,453.5853866
0.00859342,4426.330401,454.662456
0.003802279,4241.718292,417.8401973
0.00246375,4377.43223,426.6246007
0.003314655,4420.338782,446.2881132
0.004828792,4224.348904,441.8815375
0.0037435,4574.739641,441.9427325
0.00296759,4489.895154,431.758872
0.006854878,4488.827104,420.4491121
0.008347933,4221.259401,452.81263
0.001253566,4173.676129,423.3595548
0.009244571,4432.077139,423.9053732
0.003657564,4501.4408,430.4461176
7.83E-05,4273.565205,449.0110907
0.002642022,4282.444391,431.3800025
0.007234043,4383.425987,452.6766239
0.003041457,4237.663655,458.9155245
0.006308527,4276.272344,443.6116036
0.009050298,4280.369661,422.566065
0.005602926,4266.018734,431.8092974
0.004200865,4345.234222,440.6514395
0.009752451,4217.623513,431.6346349
0.001519634,4415.506375,422.4590114
0.003485785,4583.43806,451.757348
0.006843057,4420.073422,451.3272072
3.13E-04,4196.559032,455.2689003
0.00428187,4253.350634,458.8027582
0.005400541,4191.158195,433.7456536
0.00853068,4418.757248,425.3567955
0.009816057,4411.545271,442.2555069
0.004941504,4384.776493,444.1033622
0.007823142,4395.08741,420.8258193
0.004330637,4358.046496,431.4797217
0.005463953,4518.740595,449.9917309
0.004431993,4211.737637,447.8538881
4.64E-04,4455.13428,435.7449471
0.003790427,4218.313157,441.2014187
0.008123959,4222.230968,454.4001058
0.002444189,4397.277329,441.2305299
0.005178087,4482.46481,431.7063833
0.007852057,4500.842043,439.7176705
0.002617895,4586.047838,420.8183594
0.004395828,4465.263432,423.4822778
0.006907811,4281.816507,444.1929334
0.005869277,4468.639205,428.2690598
0.008216162,4424.849928,440.1015273
0.004871256,4280.206148,428.1365035
0.008917456,4467.922649,432.6198969
0.004869993,4391.385852,448.0162679
0.00634308,4503.541415,426.2863878
0.006810423,4538.66123,458.5758704
0.005798942,4460.982813,441.2414568
0.006870434,4369.717368,440.3676632
0.003673287,4209.285527,448.5293729
0.002059312,4187.653185,418.7192756
0.00303568,4292.653781,429.8869955
0.00876236,4183.102171,436.5594526
0.004006834,4177.808452,429.5785443
0.001278379,4301.308627,458.5208846
4.22E-04,4562.346921,441.8933327
0.008420726,4188.086966,427.1550301
0.002656048,4235.291537,424.9328423
0.005919708,4476.58118,447.2857622
0.009536018,4558.847689,419.3996431
0.006074328,4280.901009,427.2410217
9.05E-04,4234.687004,445.9452247
0.001565753,4475.984002,430.9660333
0.001185636,4491.951503,443.2186182
0.002126787,4260.732537,420.7279204
0.001429861,4359.109101,458.8632904
0.001595506,4205.424336,434.2820835
0.004191067,4293.029475,458.2780152
0.009139181,4357.731444,439.493359
0.003179211,4567.409691,425.7897104
0.008027745,4581.376348,452.2216815
0.003448969,4251.12356,419.1357578
0.006249961,4190.933027,418.5305033
0.002121421,4521.811417,420.4870852
0.002248646,4346.54213,456.5712934
0.009154077,4378.263215,450.5303508
0.006801857,4492.628873,445.3834854
0.009441,4372.891644,429.2877647
0.008766955,4230.350939,453.3141233
0.009614225,4286.706425,430.7834762
0.002174287,4513.258297,431.1049455
0.005888081,4529.449476,453.4124614
0.008395199,4469.74587,430.3688478
0.005008587,4270.317992,430.4611129
0.009218699,4567.05771,434.6213315
0.004989182,4444.208432,454.9599949
0.00832198,4203.7882,421.8666303
0.006024675,4196.40624,456.2437987
0.003379076,4261.020395,447.4292213
0.003704799,4487.637917,437.8441365
0.002691703,4195.647594,418.7908582
0.00799357,4561.944004,449.177861
0.003396772,4388.381638,456.3275696
0.006642324,4507.135261,428.4654392
0.001833852,4315.088165,427.57307
0.007239607,4580.283428,422.7674562
0.00769484,4521.500778,443.6673496
0.004717799,4380.961629,445.9233488
0.005022134,4411.735142,445.4515808
0.002071403,4569.843483,449.5774356
0.006554828,4362.985806,423.2518481
0.005131284,4243.741351,446.7051109
0.003835704,4498.105119,439.1634109
0.004146601,4342.676865,432.3963313
0.004547847,4373.986175,449.0902566
0.003578114,4555.062065,419.0412425
0.005694119,4469.839922,424.1032634
0.006542351,4288.228517,442.495596
0.008372551,4455.307685,418.0406529
0.004412802,4385.511463,448.3828498
0.001329758,4442.684463,443.5951947
0.007361695,4225.699402,419.3630043
0.005622836,4180.366883,450.5793465
4.59E-04,4407.099344,429.4652953
4.51E-04,4362.587098,418.9067053
2.44E-04,4407.589453,455.8935088
0.004013543,4307.032423,419.5010802
0.008066497,4274.239483,425.9749403
0.003649547,4480.278489,433.6293272
0.002368023,4309.192351,453.0142482
0.001469647,4174.596232,455.4327803
0.003933365,4401.559782,420.4372389
0.004764686,4266.938984,430.9316552
9.92E-04,4549.840012,447.6299521
0.001657685,4339.571451,427.0454765
0.002281874,4548.915224,424.877689
0.008242395,4422.906855,449.2180468
0.009133888,4459.096494,446.4880546
0.004326155,4579.159555,453.9967576
0.006916941,4392.690634,455.5514479
0.003136646,4504.660916,421.5400558
0.005223992,4253.713586,443.3007033
0.005108009,4192.075003,450.1050363
0.007301701,4330.368784,432.8107683
0.005532992,4244.164568,422.4053317
0.00621131,4317.088875,456.6831647
0.006793131,4197.53785,425.1520961
0.002570548,4225.296258,449.3410517
0.009164833,4554.821369,449.4960282
0.00185571,4339.038738,438.3057984
0.008037468,4413.625154,423.082542
0.002742544,4507.485538,448.334726
0.002081127,4505.541357,444.0156233
0.008725649,4233.524704,433.9312636
0.005540619,4429.749795,419.0235632
0.006204082,4173.784583,447.4267281
0.009403067,4295.128742,443.8943425
0.002377328,4403.848881,426.9349412
0.002923499,4346.998798,421.3833154
6.87E-05,4303.024013,454.0308369
0.004241205,4370.377836,446.2467648
0.008847868,4339.889173,418.3771549
9.60E-04,4230.935344,443.7946341
0.009560467,4273.352875,454.4863182
6.13E-05,4368.591413,431.3478229
0.003974282,4310.914441,450.8798319
0.009176754,4447.11454,458.9946743
8.47E-04,4467.301598,424.3548697
0.005013059,4278.408172,430.2615964
0.009477026,4184.678488,456.3703966
0.00121311,4588.934973,442.1652447
0.003692899,4429.585257,426.2279401
0.003727276,4583.685315,426.8022175
8.42E-04,4384.557353,433.1012164
0.007306517,4564.156178,446.1360941
0.005754996,4508.31174,420.5765812
0.004269581,4378.96928,420.9840035
7.42E-04,4464.220707,448.0902377
0.003812243,4247.355993,428.941629
0.008360434,4267.915019,453.1464762
0.009820788,4438.69803,417.6311767
0.00265204,4343.181113,449.6471407
0.002865574,4179.593351,432.1041594
0.009336058,4251.364097,439.8704907
0.009320477,4536.443852,445.0440378
0.005925829,4378.705853,423.8717311
0.005961364,4344.597752,438.1743159
0.00391462,4388.647736,431.9167453
0.008759857,4492.983911,426.0864317
0.001302585,4419.471794,417.4650954
0.002875302,4291.875116,458.6235487
0.001332119,4328.619509,454.4143192
0.003967871,4200.338338,429.7120017
0.009189772,4407.943814,454.7385615
0.002829641,4361.320215,439.4852283
0.009672529,4554.714644,433.4430052
0.005710721,4438.809058,430.8902066
0.003782482,4320.523886,450.5685486
0.008274467,4405.484464,420.2766866
0.003763544,4331.912473,429.0036879
0.003883283,4510.301461,454.2116437
0.002807322,4391.858206,438.5891641
0.001440374,4471.030231,456.8070605
0.007022287,4548.33196,430.9108222
0.00826891,4473.866406,446.1262753
0.0082487,4444.619529,458.9441536
0.006405865,4274.575203,449.9200372
0.002856838,4360.356413,429.4791373
0.001422421,4550.78711,427.4701156
5.54E-04,4382.789764,456.5018231
0.007937997,4184.462402,434.8928489
0.006974596,4425.875053,431.9948404
0.009830047,4245.385973,438.0609658
9.16E-04,4199.136674,443.1383766
0.00169416,4505.51276,456.5496326
0.001633758,4228.454958,422.7315002
0.003116653,4516.570581,453.709955
0.004523628,4495.646342,441.1914962
0.006737196,4493.759871,445.5158891
6.59E-04,4360.650979,454.3113724
0.007761159,4445.960642,438.7991392
0.009413786,4565.046486,439.7233902
0.005270318,4335.916973,432.3428809
0.003615436,4384.99484,432.2604297
0.003322686,4221.63653,454.1695666
0.00390903,4348.874692,434.5601721
0.003247597,4254.002644,435.1380234
0.001095339,4297.431941,440.30464
0.001082394,4440.98238,445.5956698
1.25E-04,4445.550349,429.9607422
0.003381037,4520.027734,447.6170502
0.009942007,4584.729882,437.2709798
7.83E-04,4462.239733,444.8842993
0.009145143,4327.438106,427.7920003
0.002038394,4279.412145,437.3385054
0.007704439,4458.764367,444.6314769
0.002610361,4478.780507,424.0159132
0.004750513,4239.39749,452.9382601
0.001294889,4373.216248,447.8282346
0.004999699,4560.436704,423.5736274
0.008816193,4490.438899,440.7211993
0.00916815,4339.334361,440.5732295
0.002325922,4537.161932,436.131396
0.003027075,4468.297563,440.1835175
0.008732123,4534.76669,420.8893789
0.003033495,4483.399717,455.9749333
0.001787891,4284.1468,444.8981352
0.007710098,4546.144836,457.2536628
0.00364253,4584.154263,427.4068104
0.004080819,4285.342596,420.2985083
0.006081879,4350.762172,431.5852999
0.007967693,4524.826276,430.8168932
0.002971536,4402.859905,451.9612454
0.009015627,4311.300855,446.5542163
0.005061051,4569.192953,442.8785466
0.009197852,4397.730764,457.6477457
9.73E-04,4514.800729,420.7695683
0.008034137,4306.707104,454.6373739
0.005739732,4413.34757,449.7196435
0.001560352,4209.073163,442.6043962
0.007109223,4485.857149,451.3633131
0.001956719,4340.873061,425.6924593
0.00955454,4220.996068,433.0239418
0.009433109,4373.05874,417.0738773
0.003424956,4443.839218,424.431526
0.009755869,4533.218387,442.1571553
9.83E-04,4182.889376,440.5121753
0.002506516,4487.249857,427.708415
0.001380026,4433.967215,453.6454507
0.006700681,4505.13997,422.9335565
0.004102664,4181.874698,434.0267247
0.00424992,4241.331072,451.7061437
0.00927451,4518.384061,425.7660213
0.007355262,4437.573735,430.0358863
0.002023183,4312.251909,431.5378623
0.009027661,4209.982911,446.4031692
0.001457217,4241.531513,421.3932335
0.001940501,4187.519549,425.1947484
9.45E-04,4355.460137,446.2705877
0.007721705,4437.130317,425.8665714
5.34E-04,4516.36904,453.867402
0.007772213,4512.059749,437.1728161
0.006745075,4309.941642,456.9095128
