0.0068411,0.00096185,-0.037082,-0.0061654,-0.016684,-0.0010885,-0.0040874,0.0046219,0.0098581,-0.0091371,0.0061335,0.0054329,0.0094437,-0.06215,0.021169,-0.049341,0.014492,0.020142,0.0017431,-0.010368,0.02444,-0.0044983,-0.049818,0.012059,-0.02938,0.016988,-0.0095678,0.0045147,0.0043307,0.022975,-0.035718,0.018492,0.010111,0.020988,0.022357,-0.022132,0.01524,-0.0020387,0.018881,0.021525,-0.00084887,0.0033523,0.0096228,-0.082735,0.0047402,-0.0024407,0.0079283,-0.012317,-0.021031,0.0080928,-0.028826,-0.020202
-0.01025,-0.023939,-0.012549,0.011389,0.012814,-0.00057802,-0.0094955,0.00015604,-0.003249,0.0006625,0.0074595,-0.026866,-0.018033,-0.034039,0.023109,0.010468,0.0011541,0.0062731,-0.063591,0.019061,-0.016746,0.025487,0.012402,-0.0078197,0.03014,0.03053,-0.018913,0.02009,-0.030688,-0.012264,-0.1307,-0.045778,-0.01503,-0.021519,0.020851,0.017686,0.010591,0.007838,0.0066784,0.017493,0.011418,-0.010406,0.01497,0.0038422,0.0099265,0.0088963,0.0091177,-0.0028928,-0.076872,-0.025312,-0.052802,-0.0087521
-0.024571,-0.053602,0.0076272,-0.016954,-0.036155,0.0059962,-0.020258,-0.0027584,0.012447,-0.04852,0.0098135,0.006691,-0.0027317,0.016177,-0.0068092,0.021157,0.01559,0.013034,0.0085138,0.0046738,0.01575,-0.0068118,0.011395,-0.047319,0.00051005,-0.00099092,0.01881,0.033596,0.035006,0.016833,0.0059581,-0.011849,0.019763,0.010472,0.045055,0.0102,0.013182,-0.00022356,-0.022129,-0.039512,0.011119,-0.11304,-0.022831,-0.00022828,-0.043738,0.006861,-0.022117,-0.017138,0.0088574,-0.080677,-0.02594,-0.032251
0.0066812,-0.034768,0.0039516,-0.031668,-0.0038725,-0.037019,-0.013564,0.0005556,0.0087978,0.0024394,0.0042643,-0.002757,0.015361,-0.018802,0.011375,-0.10773,0.024907,0.010205,0.02126,0.031692,0.0222,-0.0085986,0.037086,0.07606,0.022292,-0.031168,0.037139,0.0028215,0.0078132,-0.053775,-0.044017,0.0037876,-0.0017478,-0.038912,-0.047621,0.0095078,0.016817,0.025295,0.014109,0.023667,0.01905,0.0093976,-0.030773,-0.010646,0.0016738,-0.0031825,0.0045206,0.0083055,-0.0098457,0.00032619,-0.0020953,0.0066255
-0.030757,-0.0049515,0.00057915,0.00091598,-0.012159,0.0037029,-0.0071193,-0.013498,-0.037079,-0.024288,0.0067609,-0.0074469,-0.039658,0.010608,-0.050571,-0.0035303,0.024078,0.023298,0.041644,-0.032385,0.0055807,-0.016824,-0.020055,-0.019794,-0.047483,0.019327,-0.00059287,-0.0088806,0.036606,0.012198,0.020263,0.0021851,0.011362,-0.076644,-0.060773,0.00065056,-0.1258,0.0023698,-0.022839,-0.0035573,0.01114,0.010289,0.012364,-0.008915,-0.00276,0.0039285,-0.011108,-0.14607,0.0040762,0.0080331,-0.031859,-0.0018858
-0.026268,-0.005539,-0.012083,-0.023322,0.01594,-0.0031583,-0.016275,0.013533,-0.044428,-0.0050185,-0.017824,-0.011247,-0.039287,-0.015631,0.0044548,-0.010221,0.020006,0.017571,0.0008167,-0.0069202,-0.055624,0.02561,0.011083,0.020401,0.016571,0.035324,-0.01122,-0.019796,0.0052185,0.0021792,0.022666,0.014586,0.00070605,0.010269,-0.017663,-0.11558,-0.0065539,0.016636,-0.029032,0.00095455,0.011333,0.014691,0.00037236,-0.014967,-0.058749,-0.010574,0.015786,-0.0080148,0.00035237,-0.027032,-0.0038086,-0.018257
-0.05288,-0.020315,-0.059936,-0.0014694,-0.029689,-0.035096,-0.013273,0.0042651,0.0061367,0.0041114,-0.019398,-0.028316,-0.0045541,-0.082126,0.00513,0.027794,0.0096122,0.022824,0.02611,0.024264,0.032124,0.037903,0.01215,0.013054,-0.055479,0.014244,-0.032155,-0.018178,-0.028262,-0.021856,-0.11828,-0.0055159,0.018884,0.020534,-0.016258,0.0036098,-0.067954,0.0043388,-0.019612,-0.026243,-0.085237,-0.016446,0.010273,0.0097958,-0.010799,-0.02384,0.0096124,-0.0062029,-0.039005,-0.047877,-0.049445,-0.0085695
-0.050668,-0.0081755,-0.036002,-0.058374,-0.052851,-0.026227,-0.0083036,-0.019802,-0.0077184,0.0027811,-0.0090614,-0.0095254,0.015384,-0.017517,0.0042113,0.0046821,-0.08669,-0.00088574,0.022023,0.013691,0.02065,0.017994,0.01589,-0.030998,-0.001686,-0.029916,-0.00074724,0.01931,0.0019058,-0.059799,0.0044134,-0.012499,0.00083985,-0.051236,-0.085744,-0.027817,0.018732,0.016488,0.014447,-0.050919,-0.010667,-0.0044636,-0.023445,0.010931,0.0072804,-0.025598,-0.0020683,-0.006422,-0.005639,0.00014027,0.002617,-0.026604
-0.027724,-0.0083027,0.0020856,-0.01037,0.0066804,-0.0027439,0.0019195,-0.0044358,0.00042101,-0.014264,0.0077127,0.019207,0.026734,-0.0078161,-0.0039721,0.0049217,0.016455,0.024985,-0.010913,-0.012891,-0.03146,-0.0099475,-0.0079954,-0.0023997,-0.096231,0.0030777,0.0024451,0.023686,-0.013972,-0.095099,0.011037,-0.0011462,0.0051571,0.021411,0.0082686,0.00073468,0.01031,-0.053973,0.0087403,-0.0062948,0.0099213,0.0043912,-0.016384,-0.0023162,-0.012651,0.0062536,-0.05639,-0.002771,-0.026626,-0.0060807,-0.0016272,-0.044683
-0.003182,-0.013627,-0.007051,-0.015028,-0.048883,-0.10207,-0.033589,-0.0031213,-0.081318,-0.0069376,-0.020186,0.0156,-0.0022705,-0.01077,0.022132,-0.00091614,-0.020547,-0.016827,-0.0034132,0.0048808,0.015629,-0.025334,-0.018757,0.006824,0.0025739,-0.013846,-0.022995,0.0085535,-0.076934,-0.044654,0.0011681,-0.0025653,-0.15648,0.0017579,-0.0776,0.02057,0.01996,0.021066,-0.035333,-0.027024,-0.010207,0.0056483,0.0067743,-0.022946,-0.005227,0.0025206,-0.018446,0.00099947,0.0029372,-0.0039828,-0.0061379,-0.053026
0.0065665,-0.030131,-0.0088236,-0.018598,0.0091215,-0.023918,0.0095047,-0.024556,-0.002211,0.0012105,-0.038274,0.013671,-0.022593,0.020916,-0.035882,-0.021665,0.00070417,0.0046582,-0.0026838,0.017025,-0.03617,0.012886,0.021028,0.016447,-0.015223,0.024863,-0.01093,-0.035869,0.02216,0.020593,-0.0086821,-0.049356,-0.20347,-0.0031559,-0.0038673,0.009144,0.0050376,0.012673,0.002715,0.011042,0.0039349,0.010021,0.0072766,-0.025009,0.0073191,-0.080983,0.0030957,-0.014655,-0.0012271,-0.0092886,-0.017695,-0.024662
-0.010199,0.0030092,-0.017672,-0.009105,0.0037209,-0.0033222,-0.0062317,0.0067166,-0.0013705,-0.046553,0.0059254,0.0040615,-0.030831,-0.035767,0.0081049,0.03088,-0.030219,0.02256,0.0089205,0.022947,0.029707,-0.09037,0.0018435,0.0095238,-0.029226,-0.0015541,-0.087798,-0.036031,-0.0314,0.014977,-0.020823,0.026011,0.022635,-0.031975,0.026694,0.01625,0.018993,0.017779,-0.0087489,0.012714,0.010386,0.01239,-0.069531,0.0068825,-0.0024547,0.0034328,-0.0017291,0.0029916,-0.060358,-0.017697,0.001508,-0.03592
-0.0062131,0.0034826,-0.0042023,0.0034807,-0.0063399,-0.01486,-0.062411,-0.00021654,-0.015596,-0.040848,0.0081227,-0.014871,-0.0050181,0.024773,-0.016481,0.022182,0.016254,0.00098362,-0.0021694,-0.033981,-0.01414,0.016566,-0.0099598,-0.024667,-0.015231,0.018218,0.0021785,-0.0076573,0.023981,-0.043757,-0.010814,-0.025474,-0.10608,-0.0083154,-0.012624,-0.051542,0.015187,0.016332,-0.03309,0.0066926,-0.085026,-0.052353,-0.022404,0.0014148,-0.011208,0.0070548,-0.014352,-0.00098898,-0.047324,0.0029727,-0.025616,-0.017137
0.0040329,-0.027806,-0.049663,-0.037717,-0.0055135,-0.015121,0.0021313,0.0074992,0.0013382,-0.034708,0.0017095,-0.022911,-0.0054476,0.020199,0.003776,-0.01876,0.019848,0.027119,8.3575e-05,0.0192,-0.0021812,0.024077,-0.03258,-0.020949,0.015269,-0.0034996,-0.044813,-0.034405,0.022445,0.018483,0.022027,0.020639,0.026212,0.024336,-0.033145,0.012162,0.020095,-0.0658,0.013472,0.014002,0.010568,0.0081407,-0.037068,0.0051208,-0.035296,0.0061117,0.0063231,0.0031814,-0.010625,-0.0044112,0.0079018,-0.06224
-0.041582,-0.01463,-0.041006,0.0038585,0.0078448,-0.031379,-0.058392,-0.00086749,-0.00078391,-0.030956,-0.024085,-0.057438,-0.0057999,0.0044771,-0.02569,0.000137,-0.034675,0.024014,-0.019874,0.024419,0.011407,-0.026644,0.024075,0.018618,0.013885,0.028583,0.030516,-0.058882,-0.081002,0.019117,-0.044089,0.0028798,0.014148,0.013822,0.0061744,0.020401,-0.019372,-0.064861,0.0077697,-0.10541,0.0077134,-0.018411,0.0034501,0.002697,-0.0099104,0.00088539,-0.01235,-0.063701,-0.017788,-0.0040384,0.0067271,-0.012191
-0.026153,0.0012616,-0.0031146,0.0048618,0.0049939,-0.001083,-0.041162,-0.021432,-0.032524,0.011049,0.01333,-0.00012174,0.018435,0.012288,0.015698,-0.024827,-0.028635,0.006695,0.0081268,-0.021344,-0.01184,0.028176,-0.00026757,0.031729,0.014024,0.023062,-0.010792,-0.020593,-0.043457,-0.032811,-0.046317,0.011132,-0.036251,-0.060165,0.0061721,-0.023212,-0.17741,-0.047439,0.0065589,-0.020803,0.008379,-0.0050076,-0.01127,-0.015343,0.0045002,0.0010361,-0.0090409,-0.0048741,-0.074014,-0.017109,-0.0048094,-0.076796
0.0045156,0.0048265,-0.069233,0.0054155,-0.0013547,-0.038434,0.0025643,0.0029706,0.00051435,0.0032813,-0.00090963,0.0010407,-0.0055628,0.0024955,-0.013577,-0.0020757,-0.043806,-0.01238,-0.0018392,-0.050085,-0.031843,0.02,0.0086647,0.0048744,-0.079666,0.011198,-0.11542,-0.075032,0.0090368,0.013035,-0.003997,0.0015814,0.019265,-0.057786,0.022061,0.016151,-0.010011,-0.01705,-0.016043,0.01443,-0.046798,0.0035432,-0.033992,-0.00083131,-0.0027784,-0.022271,-0.0013025,-0.0058888,0.0078404,0.0039839,-0.025025,0.0056531
-0.022554,-0.040152,-0.028173,0.0069843,0.0069127,0.0060545,0.010452,-0.011723,0.0064615,-0.01922,-0.0034879,-0.015815,0.009773,0.00070557,-0.026941,0.010691,0.022591,-0.00014761,0.026768,0.022496,-0.008787,0.0022892,0.031032,-0.039409,-0.00791,-0.00018131,0.0017633,-0.069891,-0.00087916,0.023364,0.0037986,-0.032597,-0.018432,-0.030493,0.018383,-0.056859,-0.018396,-0.14678,-0.052583,-0.00087778,-0.010086,-0.032684,0.00086899,-0.029051,-0.036448,-0.019252,-0.01845,0.0047028,0.0056312,-0.017708,0.0078501,0.0064764
0.0018406,-0.027875,-0.006227,-0.016825,-0.045226,-0.022192,-0.015817,-0.012648,-0.014279,-0.032466,0.0069026,0.0042648,-0.0022277,-0.013735,-0.013884,0.018749,0.021158,0.0070409,0.0075269,0.016423,-0.0065626,-0.059594,0.005133,0.015732,0.02111,0.017495,0.026626,0.026649,-0.05324,0.011774,-0.048916,-0.0074096,-0.012672,-0.014003,0.017045,0.027687,-0.0037812,0.03121,0.040819,-0.11973,0.0039869,0.0034079,0.0086161,0.0050099,-0.12441,-0.015306,-0.030964,-0.045942,-0.025573,0.0059113,-0.017663,-0.036911
-0.012475,0.0073249,0.0023822,-0.010897,-0.018991,-0.023761,-0.0068081,-0.028837,-0.0025672,0.0023501,0.0086166,-0.015071,0.002899,-0.0035221,0.0073871,0.02166,-0.013354,-0.0097788,-0.047772,0.025113,0.010214,0.015542,0.022173,-0.012234,0.026569,-0.077156,-0.011704,-0.016465,-0.037936,0.032839,-0.012928,0.020107,-0.020566,-0.067295,-0.054482,0.006706,0.0034367,-0.070034,-0.0033402,-0.039921,0.0058252,0.0087692,0.0059873,-0.076289,0.0077306,0.0086795,-0.013996,0.0037961,0.0083004,-0.04078,0.0022322,0.005479
0.0075228,-0.0072706,-0.030434,0.0010053,0.0015151,-0.0074823,-0.0053898,0.00072551,0.0052742,0.0036292,-0.0069821,-0.011367,0.017861,0.013896,0.027518,0.024025,0.032892,-0.033729,-0.0040598,-0.021835,0.021902,-0.0060709,0.016149,0.032386,-0.025754,-0.038503,-0.0077195,-0.043789,0.0048848,-0.0016852,0.026964,0.00026267,0.0094678,0.015975,0.021976,0.019108,-0.092966,-0.013163,0.01486,-0.014482,-0.0050197,-0.024574,-0.0010329,0.016367,0.0037196,0.0061788,-0.023605,0.0080812,-0.037862,0.00013567,0.0070124,-0.0061756
0.0073439,-0.01287,0.0032285,0.0010188,-0.0018097,-0.0091679,-0.0098072,0.0047388,0.010284,0.0074804,-0.0098602,-0.0093008,0.012516,-0.030248,0.0094216,-0.0014788,0.011236,-0.0083163,0.018111,0.0039729,0.028935,0.032212,-0.010905,0.021436,0.0005428,-0.0033894,0.0080439,0.02981,-0.060186,-0.0095282,-0.034449,0.017968,0.014981,0.0047233,0.03159,0.020487,0.018549,0.0095862,0.025102,0.027622,-0.029361,0.011807,0.0014845,-0.054802,0.0020282,-0.008919,0.0064095,0.0079664,-0.020962,-0.0035839,-0.044402,0.0029058
-0.0058471,-0.012666,0.0067959,-0.023065,-0.063459,0.009599,-0.011812,-0.014964,-0.043129,-0.034012,-0.010957,-0.019141,-0.0091073,0.019238,0.019208,0.023349,-0.052782,0.024256,-0.0012311,0.010936,-0.022503,0.019996,0.01321,0.020567,-0.00084579,0.025249,0.036265,-0.0029505,0.022723,0.013929,-0.077054,-0.029588,-0.0012854,-0.0042273,-0.077097,0.022741,0.019928,-0.015553,0.0056397,0.011342,-0.025796,0.014015,0.014678,0.014971,0.0066336,-0.030699,-0.049978,0.0091138,-0.0065532,-0.00066408,-0.013579,-0.024993
-0.0087964,-0.0088263,-0.0036749,-0.014809,-0.0019959,-0.020218,-0.049543,-0.02515,-0.013732,0.013632,-0.047651,-0.0041741,0.020851,0.0075528,-0.02733,0.015182,0.034142,-0.0011475,0.014319,0.011474,0.034756,0.03583,-0.0050855,-0.13984,0.016078,0.014102,0.0030852,0.03368,0.037239,0.033144,0.015439,-0.0018599,-0.057947,0.029869,0.04264,0.0035125,0.034454,0.034942,-0.082889,0.014154,0.01802,0.015859,0.015672,0.0079566,-0.021489,0.011549,-0.036579,0.009269,-0.033528,-0.069431,0.0047331,-0.0020501
0.010921,-0.018726,-0.092627,-0.081659,0.010573,0.010367,0.014255,-0.060099,-0.034183,0.018735,-0.0065832,0.0066714,-0.038433,0.028248,-0.0094042,-0.0085963,0.028326,0.00739,-0.0043559,-0.042122,-0.0059636,0.023358,0.017545,0.027203,0.030136,0.040148,0.032411,0.044758,-0.070123,0.033132,-0.025319,0.026502,-0.055764,0.033782,0.022305,0.037334,0.032414,0.026229,0.031283,0.031786,0.02304,-0.068632,0.01712,-0.0034071,-0.012925,0.0020197,-0.0297,-0.0060081,-0.0313,-0.0099786,-0.00038832,0.012228
0.0039649,-0.019071,-0.0086169,-0.012678,0.0084374,-0.042577,-0.013365,-0.014729,0.0022183,0.01971,-0.016643,0.0033667,0.022979,0.012582,-0.019842,0.032238,0.012951,0.030622,0.03083,0.017408,0.0025198,-0.011773,0.015554,0.026732,0.014748,0.026045,0.033474,-0.031819,0.035773,0.018286,0.0022985,-0.0063284,-0.12176,0.025001,-0.097194,-0.034271,0.01466,-0.0085981,-0.0054925,0.0057387,-0.0057269,0.014773,0.017998,0.0024625,-0.018728,0.017114,-0.016475,-0.0035493,0.003277,0.0067921,0.0052466,-0.00092073
0.0082608,0.0085409,-0.002543,-0.016257,-0.024143,-0.05108,-0.013215,0.0013178,0.00059458,0.017225,-0.055418,0.015684,0.011595,-0.01267,-0.026644,0.0046115,0.028188,-0.0094425,0.025525,0.042445,0.028945,-0.080267,0.020947,0.044494,0.023636,0.019777,-0.0039054,-0.012293,-0.058824,0.0069704,-0.0070354,0.0014649,0.012015,0.013346,0.02899,0.0058608,0.029974,0.0337,-0.058693,0.0066301,0.016618,-0.010199,-0.047845,-0.05959,-0.0041382,0.013889,0.0073875,-0.0040707,0.011782,-0.050082,-0.052059,-0.023853
0.0043119,0.0070069,-0.001727,-0.0021879,-0.052312,-0.020689,0.011512,-0.0092229,-0.046367,-0.010848,0.013969,-0.030194,0.017373,0.0055709,0.015279,0.025684,-0.011989,0.011817,-0.087321,0.023737,0.0021983,0.026128,-0.046242,0.030387,0.025688,0.016007,0.033123,0.046827,0.025497,-0.0030609,0.019605,0.039595,-0.030587,0.00029879,0.028235,0.017421,0.012967,-0.034824,-0.058573,-0.0032024,0.016139,0.0078614,-0.00047287,-0.0029423,-0.0018128,-0.013812,-0.075981,-0.051743,-0.035336,-0.00035539,-0.018294,-0.027967
-0.0039953,-0.039656,0.0053358,-0.027695,-0.0078854,-0.021046,-0.012791,0.011836,-0.031116,-0.0022395,-7.4368e-05,-0.030425,-0.026292,-0.0019137,0.0050971,0.011913,-0.049337,-0.059662,-0.028815,0.02959,-0.008379,-0.0072774,0.027529,0.00050811,0.022796,-0.01242,0.014679,-0.040425,0.0045569,0.019617,-0.011362,0.028724,-0.0068317,-0.050278,-0.0019002,0.029861,0.023591,-0.0081446,0.022681,-0.065515,0.022081,-0.00056812,-0.0021697,-0.0074227,0.010493,0.012166,0.012103,-0.0061577,0.0068952,-0.010145,0.0081807,-0.072058
-0.0098243,-0.0074552,0.00065682,0.0012592,-0.012235,-0.02273,-0.018588,0.0027023,-0.023222,-0.0085867,0.014971,0.015771,-0.025688,-0.0025538,-0.04596,-0.050862,0.022585,-0.0011938,0.012631,-0.025017,0.0025085,-0.039274,-0.0040323,0.035892,0.034855,0.028621,0.0006595,-0.064725,-0.0037291,0.0047909,-0.0057851,0.023299,0.031685,0.031554,-0.04034,-0.035969,0.024366,0.020745,-0.079896,0.014372,-0.057937,-0.0045042,-0.06423,0.0023586,-0.030987,0.0043613,-0.017489,0.0098451,0.0063126,-0.0010725,-0.028249,0.0001295
-0.039439,0.0062427,-0.0041751,0.0040405,-0.064614,-0.036421,-0.037191,-0.015552,-0.039585,-0.0090693,-0.0085754,0.0089068,-0.010025,-0.018893,0.030156,0.025985,-0.013413,0.013095,-0.022523,0.027949,0.022616,0.021932,-0.017383,0.033468,0.0045153,0.017155,0.004367,-0.012294,-0.010511,0.0020744,-0.062853,-0.045692,-0.048465,-0.018568,0.014451,0.026404,-0.026984,0.018018,0.020618,-0.022917,-0.0060227,-0.033221,0.018134,0.010492,0.015659,0.0094834,0.0001899,0.0077203,0.010909,-0.026249,-0.0053657,0.0046513
-0.016584,0.0073414,-0.062742,-0.01796,-0.011778,-0.024274,0.0088287,-0.069504,0.0067344,0.0018736,0.02265,-0.05578,-0.014861,0.022616,-0.011556,0.015735,0.0049606,-0.0087509,-0.034554,0.028647,0.0084262,0.031725,0.013662,0.0098719,-0.013637,-0.027703,-0.0011034,0.016169,0.028094,0.015918,-0.091573,0.020175,0.028931,-0.049022,0.016363,0.025765,0.026169,0.0020515,0.026258,-0.001485,0.02224,0.0079746,0.016973,0.010859,0.013276,-0.0027872,-0.046983,0.0095454,0.01032,-0.060324,-0.032357,-0.0077841
-0.0829,0.0001855,-0.012696,-0.030419,-0.0062999,0.0058471,-0.0028417,-0.020989,-0.016703,-0.017316,-0.0012252,-0.0086895,-0.044424,-0.019932,-0.0055355,0.025115,0.03433,0.030587,0.013009,0.026399,0.012265,0.018478,-0.014979,-0.044245,-0.014047,-0.020451,0.0060548,0.0089327,-0.0034417,0.01116,-0.032159,0.018617,0.018516,0.027214,0.017903,0.017531,-0.027357,-0.012705,-0.0082811,-0.0014095,0.025775,0.018265,0.015286,-0.041221,-0.069036,0.0030949,-0.0522,0.0074395,-0.0025396,0.007837,-0.005199,-0.063426
0.0070748,-0.0061039,-0.057904,-0.0019856,-0.013401,0.0069691,-0.029532,-0.026009,-0.0012794,-0.0061295,-0.041656,0.014159,0.021843,0.011214,0.014427,0.033486,0.030145,-0.0037169,0.025264,0.012875,-0.030896,-0.017764,0.026096,0.020957,0.0017746,0.0094464,0.02544,0.017232,0.034481,-0.018974,-0.02303,0.012924,0.010093,0.0062996,0.021852,0.0080444,-0.0085527,0.024555,-0.052711,0.023917,0.024338,0.022022,0.012076,-0.013033,-0.11734,0.013431,-0.0069725,-0.028039,-0.015922,-0.024432,0.0050838,-0.024664
-0.023742,-0.02438,0.0061073,-0.0057253,0.0042721,-0.032239,-0.019178,-0.0063575,-0.022809,0.018973,-0.01689,-0.0027146,-0.0032718,0.00069698,-0.044871,0.027837,0.016852,0.012239,0.035954,0.0057568,0.027544,-0.010329,0.018779,0.036189,0.031713,0.029327,0.015647,-0.012365,-0.015848,-0.0062026,0.0055402,0.020667,-0.0029451,0.022934,-0.061155,0.031203,-0.068366,0.019531,0.019594,-0.10505,0.016887,0.0026504,0.014772,0.011587,-0.0075969,0.015081,0.0081248,-0.0078071,-0.028414,-0.0017232,-0.0052669,-0.064606
0.0096008,0.00072313,-0.0075131,-0.0028852,-0.0071023,-0.016914,-0.020351,-0.0022292,-0.010707,-0.010815,-0.017064,-0.0033224,0.0037686,0.0088965,0.022913,0.0099259,-0.0011033,0.034634,0.0099596,0.0004091,0.028093,0.022492,-0.024401,-0.12161,0.029266,-0.024686,-0.063009,0.0053368,-0.020645,-0.01686,-0.0315,0.025895,0.016888,0.024843,0.029461,0.01845,0.0093148,0.023822,0.0041168,-0.0092286,-0.0098388,0.018163,0.010441,0.01987,0.010286,0.0045541,-0.01371,0.010959,0.013164,0.012219,0.0078574,0.0048221
-0.024917,0.0088354,0.0075711,-0.0867,0.0023692,0.010598,-0.040816,-0.040198,-0.033629,0.011529,0.017634,0.013224,0.022373,0.021959,0.0025055,0.018681,-0.018051,-0.025897,0.025172,-0.032329,-0.019081,-0.0018515,0.024151,0.021656,-0.023077,0.022145,0.031187,0.03607,0.0261,0.042018,-0.066454,-0.0079111,-0.017495,0.016023,0.028962,0.034114,0.012187,-0.046223,0.0037624,0.0033637,0.023391,-0.013614,-0.0061617,-0.0022073,0.0094796,0.0033905,0.010219,-0.019642,0.011873,-0.019406,0.006544,-0.040725
-0.011581,-0.0066135,-0.0038801,0.012061,0.018042,-0.026485,-0.011117,-0.008394,0.01131,0.01421,0.007524,-0.0044704,0.018475,0.033831,0.02461,-0.019398,-0.030212,0.010181,0.004178,-0.0040332,-0.015024,0.0058269,0.026729,0.032335,-0.027488,-0.0033867,0.0012398,0.00018809,0.02415,0.018986,-0.043803,-0.031739,0.024151,-0.069937,-0.014199,0.023834,-0.0064307,0.0032105,0.010362,0.016239,-0.019515,0.011926,0.0030822,0.007689,0.011168,0.014231,-0.03169,-0.0045709,-0.015615,-0.023374,-0.035736,-0.02778
-0.019472,-0.024494,0.0061658,0.0069679,-0.00012427,0.012293,0.010457,0.010459,-0.0066188,0.023353,-0.047486,0.0049049,0.026845,-0.028626,0.017266,0.026828,-0.0023142,0.012997,0.018972,-0.0033053,0.024564,-0.028303,-0.041919,-0.0026708,0.018528,0.039535,-0.0070818,-0.051161,0.0067516,0.03035,0.023491,0.027199,0.030049,0.037968,0.037142,-0.019672,0.031406,0.034052,0.017518,0.017807,-0.002694,-0.068486,0.016693,0.012014,-0.033803,-0.032223,0.0044121,0.0077139,-0.015244,-0.014022,0.0080846,-0.016338
-0.0025544,0.0081745,-0.046704,0.0078559,-0.037983,-0.0112,0.0063431,-0.017209,-0.013164,-0.012402,0.016845,-0.032349,0.023949,0.0053646,0.023511,-0.0032003,0.023988,0.030585,0.030402,-0.03338,0.0050721,-0.016925,0.0026857,-0.084825,0.015516,0.006536,0.028823,-0.0076098,0.036006,0.0074158,-0.10107,0.012104,-0.016756,0.018582,0.028905,-0.0058925,0.025658,-0.071956,0.0013089,-0.041843,0.010856,0.015708,0.023018,-0.023175,0.015084,0.0060135,-0.00081107,0.008699,-0.0053934,-0.017665,-0.01011,-0.019581
-0.016629,0.004044,0.0038717,0.0018375,-0.048697,-0.00075463,-0.040353,0.016143,-0.0042636,0.010985,0.0065947,-0.03979,-0.020897,-0.011744,0.012311,0.020983,0.0099637,-0.010756,0.027781,0.015132,0.01631,0.015134,0.032687,0.031055,0.02878,-0.010603,0.024154,-0.013533,0.0039088,-0.010098,0.0094271,-0.023331,0.012861,0.012489,0.031434,0.00079344,0.030831,0.028967,-0.01033,0.026709,0.022561,-0.014081,-0.020975,-0.059826,-0.039266,0.0045268,0.0040839,0.010122,0.0165,0.0099461,-0.046364,-0.0064765
-0.04726,-0.010931,0.0056903,-0.018331,-0.016932,-0.044335,-0.0063524,0.0026242,-0.048704,0.014876,0.01372,0.014167,-0.017073,-0.015119,0.036182,0.018047,0.0016924,0.021633,-0.015573,-0.003517,0.027598,-0.034056,0.036669,0.0032464,0.024752,0.021512,-0.0010567,0.02572,-1.7207e-05,0.016584,-0.039052,0.023864,-0.0062938,0.012991,0.0044658,0.023305,-0.022464,-0.0050179,0.012974,-0.10091,-0.015889,0.0052246,-0.047113,-0.0065719,0.010241,0.013122,-0.012905,-0.0034836,-0.0031401,-0.0059981,-0.01522,0.0073872
0.0039266,-0.038668,-0.0007515,0.0057404,-0.052371,0.0089848,-0.02518,-0.025514,0.017578,0.015324,0.0013142,-0.0062511,0.0029355,0.014541,-0.0040846,0.035371,0.0051219,0.011855,0.023889,-0.038076,-0.0095988,0.010733,0.03625,0.031183,-0.034395,0.0099209,0.0031245,-0.0038517,0.033544,0.032161,-0.087456,-0.013489,-5.1653e-05,0.0036837,0.02083,-0.026888,0.026747,-0.0061481,0.013127,-0.064168,0.014608,0.0054505,-0.0035882,-0.0085017,-0.033607,-0.041331,-0.027242,-0.027994,0.0035484,-0.046183,-0.050433,-0.0059992
-0.0079769,-0.0091387,0.002369,-0.0095133,-0.08427,-0.011091,0.0011332,0.012283,-0.043705,0.0085166,-0.0031955,-0.0053235,-0.049391,-0.016464,0.020948,0.024475,-0.024875,0.0026739,0.019906,0.0084063,-0.0035951,0.010245,0.030528,0.0043954,-0.075543,-0.068849,0.027054,0.0059057,0.024237,0.024114,-0.0010685,0.026924,-0.019671,0.010681,0.029864,0.028104,-0.028088,0.023637,0.023086,0.022306,0.014599,0.024153,0.021365,-0.00028367,0.010637,0.01598,0.0062875,0.0097723,-0.052912,-0.03307,-0.067169,-0.022474
-0.028579,-0.018611,0.00013476,-0.051924,-0.029879,0.0033623,-0.017703,-0.0092908,0.023631,0.024577,-0.019968,-0.002023,-0.025238,0.011629,-0.0020317,0.02362,0.031633,-0.026216,-0.033774,0.02408,-0.037485,0.0085367,0.025679,0.0094095,0.014041,-0.0091052,0.0098492,0.034627,0.024048,-0.0076775,-0.040469,-0.039772,0.012647,0.012015,0.0057134,-0.082078,0.020627,0.00051342,0.017247,0.019316,0.020407,-0.024626,0.014021,0.015486,0.014542,0.0029069,-0.020892,-0.031769,-0.024491,-0.015119,-0.0042418,-0.024006
-0.022988,-0.056777,-0.015507,-0.023478,-0.0012993,-0.023217,-0.026311,-0.0043546,0.0029578,0.0061432,-0.052191,-0.044299,-0.0055191,0.013629,-1.5476e-05,0.024117,0.024249,0.0091756,0.02336,-0.021549,0.02162,-0.023456,0.037766,0.026214,0.038674,0.025516,0.013903,-0.12581,-0.0011865,-0.0014762,0.034804,-0.018625,0.035313,0.019033,-0.019564,0.024867,0.023018,-0.01631,-0.064158,0.017778,0.00010623,-0.016337,0.014328,0.013016,0.0011681,-0.069084,-0.0077603,-0.0026008,-0.013839,-0.0015006,-0.0056143,-0.04886
-0.005358,-0.016479,0.004313,-0.04393,-0.024492,0.0096535,0.010448,0.0049602,0.012855,-0.01917,-0.031059,0.016061,-0.0067574,0.0079538,0.024531,0.030409,0.035638,-0.019784,0.014137,-0.033776,0.030578,0.010276,-0.0079898,0.030453,-0.03227,0.011651,-0.0048575,0.028194,0.039873,0.04005,-0.031519,0.022532,0.012898,0.02351,0.038934,0.012464,-0.065776,-0.020017,0.010346,0.011953,-0.010918,0.0014315,-0.075753,0.0038606,0.0098902,-0.022739,0.0098761,-0.017131,-0.027649,-0.031894,-0.013445,-0.0046052
-0.0096028,-0.031605,-0.0096242,0.0021182,0.0091282,0.010465,0.0041401,-0.015547,0.003805,-0.045009,-0.047962,-0.025179,-0.0017559,-0.0033086,0.029777,0.025479,0.021722,0.017878,0.00067005,0.034202,-0.04909,0.02602,0.021162,0.024803,0.013327,0.031859,0.041798,0.029694,0.041077,0.040037,0.0011945,0.043374,-0.017546,0.026213,0.03066,-0.065983,0.025643,0.017516,0.020433,-0.0010551,-0.061542,0.0048587,-0.041142,0.008128,-0.04868,0.0098926,0.0068585,-0.0052649,-0.0055623,-0.01646,-0.023598,-0.0092702
-0.011712,-0.069672,-0.054366,-0.023639,0.0064684,0.010494,-0.00081175,-0.0030091,-0.017042,-0.035005,0.013026,0.016093,-0.012548,0.032781,0.013585,-0.0049628,-0.073583,-0.012733,0.0044796,0.009436,0.030948,0.044459,-0.084166,0.037619,0.021342,0.018531,0.031064,-0.019315,-0.021155,-0.054457,0.0022079,0.00026435,0.025671,0.026743,0.0082639,0.030265,0.027949,-0.0025572,0.017906,-0.0098134,0.022337,0.016119,0.0098907,0.014191,-0.04063,-0.0071353,-0.0037296,-0.055294,-0.038215,-0.00037309,-0.020975,-0.0054795
-0.02645,-0.044992,-0.03896,-0.0070724,0.0065516,-0.011176,0.01042,-0.068247,-0.0076157,-0.024252,0.0064382,-0.026363,0.016506,-0.033168,0.0048008,0.023323,-0.0021943,0.0011044,-0.030711,-0.023138,-0.0041755,0.0097449,-0.0087707,-0.019616,0.012735,0.02039,0.031402,0.024698,-0.019611,0.00919,0.024508,0.026786,0.026513,-0.013797,0.0055464,-0.10247,0.01564,-0.0018687,-0.023498,-0.043646,0.0012131,0.014314,0.005343,-0.056015,-0.011706,-0.0224,0.0099387,-0.029869,-0.0058587,0.0045389,0.0078367,-0.0066814
-0.0028118,-0.026124,-0.027743,-0.022819,-0.0073048,-0.019827,0.0071577,0.0010995,-0.01049,0.0026423,-0.016566,-0.040015,-0.019085,0.016237,0.0067724,-0.00030776,0.02121,0.018664,0.031465,-0.012942,0.0026278,0.032442,0.03402,0.037569,0.015278,-0.06737,0.028539,0.010322,0.0046117,0.027788,0.028846,0.041178,0.039082,0.0092557,0.0428,0.005586,0.029905,0.0083983,0.014798,-0.071424,0.018386,0.011586,-0.0074777,-0.014047,4.7549e-05,0.010885,-0.027142,-0.017694,0.0075917,-0.015595,0.0042923,-0.013458
0.001296,0.0074379,-0.0051121,-0.0012045,-0.0086115,-0.024066,0.002674,-0.02455,0.01469,-0.011551,0.014227,-0.0087494,0.010662,0.021608,0.024084,0.016074,0.026919,0.026492,0.006716,0.020745,0.014325,-0.02767,0.008353,0.033055,0.0041718,0.038743,-0.05451,0.040664,0.027804,0.018587,0.02807,-0.061126,0.010929,-0.032394,0.022015,-0.049404,0.014467,0.011996,0.023084,0.018423,0.012994,0.013888,-0.084916,0.0085625,0.0061929,0.0089718,-0.0019782,-0.011219,0.005718,-0.045281,-0.0059147,-0.022392
-0.064468,-0.010683,-0.036176,-0.016531,-0.03208,-0.019864,-0.033514,0.007727,-0.027647,-0.03236,0.00065643,-0.014256,0.01707,0.020368,0.0032471,-0.0036129,-0.029868,0.029752,0.0325,-0.0068008,-0.046583,0.0037299,-0.05907,-0.088107,0.011604,0.0043691,0.01926,-0.031095,0.025532,-0.0044473,0.010149,-0.048204,0.026581,0.017194,0.022011,0.022833,0.020524,-0.027087,-0.0072838,0.019281,-0.029682,0.017135,-0.066953,0.011105,0.0091539,-0.01677,0.0096613,-0.021487,-0.01261,-0.058568,-0.00089412,-0.016047
-0.011369,0.0037648,0.0073397,-0.021152,-0.016436,-0.065005,-0.030068,-0.019791,-0.014059,-0.0098696,-0.014516,-0.030345,-0.016387,0.0017301,0.0095772,-0.021699,0.0093681,0.015412,0.028241,-0.0046685,-0.063671,0.018409,-0.045116,0.036519,0.024475,0.01555,-0.0057455,0.036427,0.041461,0.017678,-0.017817,0.0062513,0.033566,0.030741,0.017985,0.040973,-0.017468,0.0025572,0.024379,0.0083381,-0.0065524,0.010522,-0.048516,0.0079779,-0.0047266,-0.03038,-0.03788,0.007603,-0.083181,-0.030464,-0.019853,-0.022118
0.0051472,-0.056528,-0.032262,-0.0031924,-0.0064018,-0.0025794,-0.025026,-0.02894,-0.024135,-0.021032,-0.0053218,-0.027214,-0.047449,0.0029906,-0.0056194,-0.0085574,-0.031085,0.0095842,-0.012037,0.034015,0.026123,-0.13764,0.03145,0.040262,0.024266,-0.0097151,-0.018266,-0.019069,-0.058898,-0.0030227,-0.0021134,0.026365,0.025505,0.0027151,0.021232,0.026019,-0.011269,0.031381,0.023061,-0.03575,0.022256,0.01827,0.0083978,0.012953,0.0046915,0.00095828,0.0095827,-0.011569,-0.062792,0.0079053,0.0016329,0.010302
-0.065944,0.0065111,-0.0069657,0.0037636,-0.08296,-0.0045384,-0.012694,0.0071322,-0.016933,0.016046,0.015498,-0.018893,0.016078,0.035017,0.021417,0.030025,0.016178,0.0099638,-0.012671,0.019561,0.0094357,0.029701,0.025198,0.0092716,0.013095,-0.018787,0.02157,0.019666,0.036264,-0.025341,-0.01553,0.026149,-0.067088,0.0011404,0.022299,0.027067,0.026582,0.0098501,0.010594,-0.044984,0.018797,0.002025,0.0027562,-0.024105,0.0017737,0.010716,-0.073015,-0.038132,0.0078733,-0.017304,0.0078365,0.0089514
0.00046314,0.0073531,-0.0074804,-0.023485,0.0091189,-0.013314,0.0054841,-0.0072032,-0.00094422,0.016054,-0.017946,-0.00074614,0.026469,0.026934,0.028282,0.011021,0.027714,0.0433,0.034592,-0.037341,-0.0075728,0.027036,0.038406,0.040346,0.045036,-0.083987,0.02102,0.029511,0.031719,-0.088786,0.009532,-0.092132,-0.1333,-0.032549,-0.032404,0.011561,0.011998,0.023546,0.026127,0.030945,-0.0030505,0.016488,-0.016571,0.013304,0.007202,-0.025241,-0.0022862,-0.006761,-0.0030518,-0.031214,0.0043538,-0.020707
-0.039778,-0.00094162,-0.061853,-0.053323,0.0025158,0.010459,-0.059205,-0.01644,-0.04651,-0.02892,0.01196,0.0018805,-0.011251,0.009724,0.010011,-0.076364,-0.0067115,0.027732,0.03093,-0.018091,0.022951,0.026249,0.02459,0.005907,-0.015406,0.034053,0.017704,0.018677,0.034506,0.02856,0.032091,-0.024512,0.030116,0.01373,0.007056,-0.04319,-0.025328,-0.0095675,0.017912,-0.012918,0.01821,0.014442,-0.011536,0.012049,-0.0015752,-0.00087747,0.010189,-0.040861,0.0074968,-0.024867,-0.012385,-0.032374
-0.033998,-0.020068,-0.015793,-0.0066242,-0.014971,0.00094996,-0.017703,0.0038745,0.011944,0.0039302,0.014589,0.0087956,0.0084785,0.012905,-0.010765,-0.017195,0.023428,0.019812,0.01867,0.010129,0.0094199,0.035018,0.018113,0.013137,0.0080747,0.023712,0.036843,0.019101,0.028922,-0.019853,0.0015051,0.03521,0.042055,0.012231,0.016016,-0.013384,-0.029002,-0.009541,-0.010421,-0.027545,0.018194,-0.0077095,-0.015999,-0.057499,0.0059604,0.0073272,-2.3632e-05,-0.041338,0.0085935,-0.0013902,0.0071268,-0.002495
-0.01588,-0.021673,0.0060515,0.007817,0.0091311,-0.017754,-0.03763,-0.041495,-0.048487,-0.016005,0.0023633,-0.057889,0.013037,-0.039772,0.0014509,0.00081989,-0.023986,-0.1059,-0.0093509,0.0064041,0.027573,0.040646,-0.045829,-0.02244,-0.05436,0.025169,0.014926,0.0128,-0.040057,0.026498,-0.0090561,0.005463,-0.076016,0.024025,0.022047,0.015628,-0.017247,-0.0064366,-0.0043314,-0.02949,0.015774,-0.041606,0.014301,-0.020974,0.0025738,-0.011025,-0.022525,0.0067448,-0.033521,-0.039121,0.00034321,0.0075741
-0.016351,-0.013133,-0.025987,-0.022181,0.00048513,-0.025523,-0.0084876,-0.021043,-0.0046321,0.013291,-0.017409,0.026005,-0.089211,-0.01411,0.014149,0.013106,0.031984,-0.057214,0.0039053,0.013071,-0.018948,-0.02279,0.018543,0.027973,-0.0058877,0.039509,0.032943,0.021126,0.0045904,0.034333,0.035424,-0.052389,0.02242,-0.062532,0.030979,0.02872,0.023703,0.027458,0.019399,0.012113,-0.024925,0.012605,-0.069585,0.013943,-0.010106,0.0094175,0.0043867,-0.00026517,-0.015559,0.0046787,-0.032577,-0.011867
-0.0051473,-0.076993,-0.012628,0.0051474,0.002772,0.0046732,0.0038685,0.0074289,-0.037073,0.008372,-0.019976,0.011092,-0.015839,0.021248,0.0092158,0.0018805,0.015998,0.01573,0.024407,-0.027717,0.011451,0.015466,0.035354,0.029597,-0.038503,0.038203,-0.01076,0.016053,-0.00033703,-0.044556,-0.046989,0.024486,-0.024191,-0.012885,-0.0020155,0.022558,0.029254,0.0020508,-0.0071817,-0.0018718,0.018956,-0.0069339,0.012155,0.012389,-0.0051107,0.01021,0.0036822,0.0093477,-0.0076428,0.0050128,0.0081379,-0.052893
-0.074675,-0.00085117,0.0074147,-0.020842,0.0091359,0.010486,-0.0080025,-0.0035489,-0.01273,-0.02833,0.010606,-0.0082888,-0.0032275,0.016623,0.010912,0.019434,-0.010425,0.023145,-0.0049255,0.02038,0.024333,-0.039688,-0.033398,-0.011748,0.024191,-0.035777,-0.0088076,0.038316,0.0081872,0.0056745,0.039639,0.0085966,-0.077055,0.016886,0.026799,0.020433,0.018668,0.01602,-0.020828,-0.040982,-0.0012346,0.019108,0.017215,-0.0714,-0.0069348,-0.039689,0.0037087,-0.049796,0.0050852,-0.030159,-0.013402,-0.0059247
-0.01376,-0.045949,0.00020461,-0.033571,0.0091231,0.0049501,-0.012273,-0.0019995,-0.069688,0.012059,-0.025701,-0.0087063,-0.0019987,-0.031876,-0.005273,-0.0042564,0.023609,0.012751,0.029974,-0.0025679,0.014635,-0.00087349,0.030351,0.030323,0.036301,0.018445,0.018048,0.028117,0.0047999,0.035054,0.032282,-0.00014036,-0.016541,0.03508,0.031975,-0.024051,0.028853,-0.003002,0.019962,0.02395,-0.0056782,0.002559,-0.0066102,-0.029739,-0.011687,0.010575,0.0076335,-0.062906,-0.029131,-0.028755,-0.025667,0.0044125
-0.03451,-0.015221,-0.013665,-0.0068391,-0.0056186,-0.017462,-0.012028,-0.027413,-0.044715,0.00022182,0.01555,-0.0040271,-0.034885,0.019665,0.017724,0.024856,0.010369,-0.027386,0.011411,0.02342,0.013077,0.035495,0.0091498,-0.0063329,0.02993,0.01573,0.027973,0.032593,0.03366,-0.0014813,-0.024479,0.018768,-0.06906,0.015471,-0.02125,0.0068468,0.028845,0.013639,0.021573,0.015696,-0.050483,-0.024144,0.010814,0.0053576,0.0090569,0.006609,-0.0038409,-0.01087,0.0040464,-0.0057043,-0.0056947,0.0091762
-0.032485,0.0045715,-0.037141,-0.00062589,-0.021026,0.00087326,-0.07527,0.0041232,-0.02778,-0.026498,0.016058,0.00069931,0.017086,0.019901,-0.010177,0.023946,0.017446,-0.001424,0.017052,0.0089844,0.011414,0.0088333,-0.04571,-0.021681,-0.0014931,-0.037725,-0.00065721,0.03205,0.032016,-0.036839,0.020094,0.0051087,0.042174,-0.0058437,-0.14046,0.025571,0.023524,-0.041855,-0.019783,-0.1441,0.013805,-0.058004,-0.024893,-0.030844,-0.036306,-0.037597,0.0030286,0.0065505,-0.032644,0.0072859,-0.0045099,0.0053817
-0.04007,-0.01223,-0.012131,-0.0328,-0.037947,0.008233,0.0011017,-0.012709,0.012839,-0.029434,0.010079,0.0031868,-0.0082745,0.0096017,0.010865,0.0055917,0.01902,-0.045177,0.008705,-0.013245,0.032294,-0.02157,-0.0011629,-0.017465,0.030915,0.036805,0.030746,-0.02147,0.014772,-0.011904,-0.048014,0.0058376,0.0096692,0.01387,0.01819,-0.11424,-0.016431,-0.019434,0.00023375,0.010005,-0.048681,0.0088456,0.011895,-0.011396,-0.021798,0.0090801,-0.014503,-0.018909,-0.033716,0.0037484,-0.012272,-0.0065258
0.00044646,-0.029178,-0.0092448,-0.0063344,-0.0060206,-0.0062892,-0.039115,0.0047255,0.0034503,0.0062313,-0.01214,-0.024006,0.0064947,0.024182,0.0019933,-0.0059803,-0.052763,-0.0043717,0.026651,0.025804,0.015429,-0.00842,-0.0070043,0.022788,0.024386,0.010779,0.02132,0.038674,0.0096392,-0.087462,0.027385,0.026318,0.033262,0.020485,-0.005102,0.028045,-0.014107,0.02611,-0.010799,0.022964,0.018801,-0.036382,-0.0020482,-0.020555,0.0063248,-0.039896,-0.013569,-0.0074314,0.0035377,-0.0045383,-0.018525,-0.033524
0.0019564,-0.02593,-0.087701,-0.070539,-0.036505,-0.0043076,-0.031527,-0.0035572,0.011459,-0.059265,-0.0097802,-0.046531,0.014344,-0.0025132,-0.013005,0.0012563,0.0079973,0.00031884,-0.016957,0.029179,-0.026129,0.031394,-0.0098158,-0.0015011,0.0070917,0.035336,0.022946,0.014571,0.018001,-0.021497,0.028906,0.0030248,0.025239,0.037986,-0.0087181,-0.05529,0.027416,0.024563,0.013053,0.010567,-0.041489,0.013245,0.011983,-0.027177,0.0096283,-0.019972,0.010004,0.0030504,0.0037882,-0.04638,0.0069873,-0.037373
-0.041281,0.0050423,-0.035948,-0.045471,-0.005155,0.0096396,-0.013792,-0.0018831,0.0027614,0.011929,-0.017279,-0.018388,0.0042328,0.0091941,-0.005777,0.022894,0.010017,-0.0054457,0.031983,0.0054782,0.018657,0.03847,0.038828,-0.0087599,0.025319,0.02049,0.034681,-0.030839,0.034056,0.028284,0.044726,0.031767,-0.030285,-0.036846,0.015927,-0.16549,-0.15647,-0.0065689,-0.051732,0.013245,0.0038094,-0.035713,0.011436,-0.0046413,0.0099057,0.0093902,0.0088454,-0.017911,0.0005808,-0.019452,-0.0031932,0.0089612
-0.0058542,-0.0045473,0.0073366,0.003215,0.0084404,0.010427,-0.043805,0.010455,-0.01842,0.016034,-0.0055847,-0.0053012,-0.0050465,0.012249,-0.0019552,-0.042674,-0.00052356,-0.0045215,0.033342,0.029829,0.0028371,-0.016045,0.01033,0.011659,0.018449,-0.0016368,0.03296,-0.010711,-0.00070341,-0.042846,-0.019977,0.00022618,0.037305,-0.011331,-0.030911,-0.058687,0.019812,0.0013424,-0.026062,0.016147,0.016305,0.015702,0.01136,0.011038,0.019815,0.020636,-0.0041718,-0.039149,0.032521,0.026589,-0.017407,0.044702
-0.021665,0.0014006,-0.013347,0.0078449,-0.00052509,-0.011751,-0.052636,0.0021761,-0.010203,0.01084,-0.0024091,-0.037642,-0.058466,-0.0045745,0.02394,0.0011319,0.011866,0.028363,0.019689,-0.011768,-0.0091619,-0.050069,0.028787,-0.0044155,-0.008423,0.034026,-0.0036722,-0.001179,0.022147,-0.1385,0.012794,-0.047832,0.0091448,0.018334,-0.027839,0.01768,0.017214,0.015433,0.0015786,0.017211,0.01529,-0.034789,0.017192,0.011952,0.011017,0.011117,-0.00050775,0.0059894,0.0078451,-0.036913,-0.0029248,0.0037403
-0.042986,-0.00036336,-0.046207,-0.031898,0.0095009,-0.017691,0.010657,0.0098335,-0.0056022,0.013467,-0.014288,0.0017413,-0.021668,0.021405,0.0076346,0.018472,-0.0022389,0.0056905,0.027045,-0.0021764,0.025846,0.027724,0.040154,0.047366,0.035825,-0.022305,0.036838,0.0015011,0.024634,-0.017083,0.035962,0.038679,-0.019846,0.022824,-0.097186,0.024039,-0.035112,-0.0014626,-0.014165,0.021536,-0.16316,-0.020747,0.0019064,-0.038785,-0.015553,-0.053511,0.0099368,0.0093107,-0.030954,-0.038728,0.0065131,-0.019381
-0.012273,0.0073406,0.0073422,-0.01476,-0.032281,-0.023457,-0.01503,-0.0155,-0.02451,-0.0020675,-0.0026042,-0.035275,-0.009374,-0.010985,-0.046705,0.019303,-0.012682,0.0097904,0.025686,-0.048388,-0.039085,0.023817,-0.016204,0.019534,0.012505,0.034582,-0.0086925,-0.0067199,0.022694,0.021172,-0.024138,-0.077548,-0.017397,0.02471,0.020366,-0.0066273,0.012966,-0.071215,0.019219,0.019395,-0.018219,0.00422,-0.0023591,-0.019093,0.0029904,0.0074567,-0.038104,0.0093036,-0.025232,-0.054185,-0.0045803,-0.002315
0.0026099,0.007351,-0.0028546,-0.017468,-0.0016311,-0.0035746,0.0048951,0.010462,-0.0079453,0.012716,-0.00016451,0.01051,0.011924,0.0031666,-0.018747,0.029584,0.014898,-0.046024,0.03231,0.031259,-0.013721,0.023457,-0.01521,0.013023,0.012948,-0.025166,0.016993,0.028937,-0.066939,-0.034012,-0.043144,0.016022,-0.059657,-0.008605,-0.030802,-0.028395,-0.00046127,-0.0017941,-0.020614,-0.0077388,0.0093456,-0.031508,0.002412,0.022978,-0.00018919,-0.019235,0.0032148,-0.00033113,0.011044,-0.011577,0.0087939,0.0083158
0.025726,-0.029685,-0.018705,-0.0065132,-0.011358,0.0076638,0.0071993,-0.0022302,-0.00077591,-0.011947,-0.024234,-0.0070654,-0.012157,-0.021071,0.0076396,0.022459,-0.0044168,-0.0047581,0.024043,0.014107,0.021353,-0.0028506,-0.015587,0.02828,0.024206,0.018836,-0.00076044,0.02586,0.017926,-0.036443,0.01733,-0.00079795,0.033304,0.029387,0.029877,0.039411,0.030129,0.0066171,0.019225,0.0081431,-0.042066,0.01992,0.014205,0.021483,0.026078,0.023659,-0.050647,-0.018324,-0.060296,-0.027656,0.006551,0.0091888
-0.014564,0.01165,0.0048667,0.0032415,-0.0059742,-0.01851,-0.005519,-0.011034,0.012852,0.0096826,0.017478,-0.0059112,0.013411,0.013099,0.010751,0.015053,-0.034334,0.027308,-0.01396,-0.013511,0.027376,-0.033087,0.030054,-0.088135,0.023179,0.0026823,-0.03965,0.0058966,0.017216,0.026082,0.036945,-0.012356,0.01749,0.032883,-0.052368,-0.0055475,0.0009288,0.0071562,-0.0049767,0.0097599,0.02331,-0.0078634,-0.010264,0.024824,-0.014547,-0.064332,-0.037209,0.025093,0.0055411,0.019246,0.0005333,-0.024302
0.00058477,-0.0022218,0.0024947,-0.01255,-0.01137,0.006677,-0.0030017,0.0041338,-0.028571,0.011691,-0.023039,0.015705,-0.0020044,0.015241,-0.036007,-0.011899,0.020997,0.019136,-0.039991,0.015677,0.02461,0.0075498,0.012109,-0.0077937,0.0047603,0.019005,0.032881,0.016572,0.034666,0.019935,0.035256,0.040177,0.03368,0.013202,0.034215,0.038071,0.019735,0.029235,0.03498,0.034483,0.033612,0.032242,0.030551,0.025791,0.02023,0.016519,0.024942,0.019077,0.017798,0.0075205,0.014424,-0.064576
0.012048,0.019448,-1.7985e-05,-0.01759,-0.011656,0.021687,-0.026298,0.0035388,0.0042294,-0.069026,-0.0049919,0.010567,0.0026183,-0.022134,0.011809,0.0090849,-0.02496,0.0066252,-0.0101,0.007797,0.019404,0.0074453,0.02736,0.017578,0.0068902,-0.017386,0.0063693,0.016217,-0.0092029,0.028026,0.020932,0.005786,-0.027683,0.02998,-0.085331,-0.047797,0.014499,-0.00040001,-0.057804,0.017121,0.020831,0.0047778,0.021627,0.019278,0.0017198,-0.015518,0.014999,-0.0088552,0.011671,0.00033979,-0.0080749,-0.0043047
-0.03408,0.0026155,0.0036093,0.0041779,-0.0061676,0.011583,0.006075,-0.0039735,-0.041488,0.013554,-0.050656,-0.0032215,-0.044384,0.0042104,0.0023053,0.011855,0.019328,-0.011754,0.019305,-0.009689,-0.0063328,0.020058,-0.024503,-0.029831,0.02251,0.027588,-0.017229,0.0058941,0.0040367,0.017691,-0.0090599,0.010708,0.022937,0.019826,0.021876,-0.026268,0.026303,-0.052392,0.010737,0.019633,0.014945,0.01632,0.014763,0.018089,-0.020004,-0.031393,0.00087544,0.008204,-0.098124,0.0042456,-0.0050551,-0.013932
0.0088224,0.0074493,-0.036601,-0.031681,-0.011716,-0.025799,-0.020931,8.0043e-07,0.0077255,0.0074672,-0.0089317,0.012143,-0.017299,0.019306,0.018485,0.011057,0.0058391,0.026145,0.017687,-0.08196,-0.014037,-0.028708,0.022985,-0.017131,0.027198,0.018761,0.029926,0.0013993,-0.0080351,-0.017643,-0.0057371,-0.0069938,0.016955,0.019971,0.029592,0.030214,0.023185,0.027158,-0.11655,0.017653,0.02103,-0.0034476,-0.011492,0.017378,-0.0024363,0.003013,0.015411,0.0063871,0.00032137,-0.0016391,-0.010191,0.0016966
